date,year_label,year_and_season,year_and_half,year_and_quarter,year_and_month,year_and_month_sort,year_and_week,year_and_week_sort,year_start,year_end,trading_month_number,month_name,month_start,month_end,week_start,week_end,week_number,day_name,day_of_week,day_of_trading_month
2025-01-26,2025 - 26,2025 - 26 - SS,2025 - 26 - H1,2025 - 26 - Q1,2025 - 26 - Feb,202501,2025 - 26 - W1,202501,2025-01-26,2026-01-31,1,February,2025-01-26,2025-02-22,2025-01-26,2025-02-01,1,Sunday,1,1
2025-01-27,2025 - 26,2025 - 26 - SS,2025 - 26 - H1,2025 - 26 - Q1,2025 - 26 - Feb,202501,2025 - 26 - W1,202501,2025-01-26,2026-01-31,1,February,2025-01-26,2025-02-22,2025-01-26,2025-02-01,1,Monday,2,2
2025-01-28,2025 - 26,2025 - 26 - SS,2025 - 26 - H1,2025 - 26 - Q1,2025 - 26 - Feb,202501,2025 - 26 - W1,202501,2025-01-26,2026-01-31,1,February,2025-01-26,2025-02-22,2025-01-26,2025-02-01,1,Tuesday,3,3
2025-01-29,2025 - 26,2025 - 26 - SS,2025 - 26 - H1,2025 - 26 - Q1,2025 - 26 - Feb,202501,2025 - 26 - W1,202501,2025-01-26,2026-01-31,1,February,2025-01-26,2025-02-22,2025-01-26,2025-02-01,1,Wednesday,4,4
2025-01-30,2025 - 26,2025 - 26 - SS,2025 - 26 - H1,2025 - 26 - Q1,2025 - 26 - Feb,202501,2025 - 26 - W1,202501,2025-01-26,2026-01-31,1,February,2025-01-26,2025-02-22,2025-01-26,2025-02-01,1,Thursday,5,5
2025-01-31,2025 - 26,2025 - 26 - SS,2025 - 26 - H1,2025 - 26 - Q1,2025 - 26 - Feb,202501,2025 - 26 - W1,202501,2025-01-26,2026-01-31,1,February,2025-01-26,2025-02-22,2025-01-26,2025-02-01,1,Friday,6,6
2025-02-01,2025 - 26,2025 - 26 - SS,2025 - 26 - H1,2025 - 26 - Q1,2025 - 26 - Feb,202501,2025 - 26 - W1,202501,2025-01-26,2026-01-31,1,February,2025-01-26,2025-02-22,2025-01-26,2025-02-01,1,Saturday,7,7
2025-02-02,2025 - 26,2025 - 26 - SS,2025 - 26 - H1,2025 - 26 - Q1,2025 - 26 - Feb,202501,2025 - 26 - W2,202502,2025-01-26,2026-01-31,1,February,2025-01-26,2025-02-22,2025-02-02,2025-02-08,2,Sunday,1,8
2025-02-03,2025 - 26,2025 - 26 - SS,2025 - 26 - H1,2025 - 26 - Q1,2025 - 26 - Feb,202501,2025 - 26 - W2,202502,2025-01-26,2026-01-31,1,February,2025-01-26,2025-02-22,2025-02-02,2025-02-08,2,Monday,2,9
2025-02-04,2025 - 26,2025 - 26 - SS,2025 - 26 - H1,2025 - 26 - Q1,2025 - 26 - Feb,202501,2025 - 26 - W2,202502,2025-01-26,2026-01-31,1,February,2025-01-26,2025-02-22,2025-02-02,2025-02-08,2,Tuesday,3,10
2025-02-05,2025 - 26,2025 - 26 - SS,2025 - 26 - H1,2025 - 26 - Q1,2025 - 26 - Feb,202501,2025 - 26 - W2,202502,2025-01-26,2026-01-31,1,February,2025-01-26,2025-02-22,2025-02-02,2025-02-08,2,Wednesday,4,11
2025-02-06,2025 - 26,2025 - 26 - SS,2025 - 26 - H1,2025 - 26 - Q1,2025 - 26 - Feb,202501,2025 - 26 - W2,202502,2025-01-26,2026-01-31,1,February,2025-01-26,2025-02-22,2025-02-02,2025-02-08,2,Thursday,5,12
2025-02-07,2025 - 26,2025 - 26 - SS,2025 - 26 - H1,2025 - 26 - Q1,2025 - 26 - Feb,202501,2025 - 26 - W2,202502,2025-01-26,2026-01-31,1,February,2025-01-26,2025-02-22,2025-02-02,2025-02-08,2,Friday,6,13
2025-02-08,2025 - 26,2025 - 26 - SS,2025 - 26 - H1,2025 - 26 - Q1,2025 - 26 - Feb,202501,2025 - 26 - W2,202502,2025-01-26,2026-01-31,1,February,2025-01-26,2025-02-22,2025-02-02,2025-02-08,2,Saturday,7,14
2025-02-09,2025 - 26,2025 - 26 - SS,2025 - 26 - H1,2025 - 26 - Q1,2025 - 26 - Feb,202501,2025 - 26 - W3,202503,2025-01-26,2026-01-31,1,February,2025-01-26,2025-02-22,2025-02-09,2025-02-15,3,Sunday,1,15
2025-02-10,2025 - 26,2025 - 26 - SS,2025 - 26 - H1,2025 - 26 - Q1,2025 - 26 - Feb,202501,2025 - 26 - W3,202503,2025-01-26,2026-01-31,1,February,2025-01-26,2025-02-22,2025-02-09,2025-02-15,3,Monday,2,16
2025-02-11,2025 - 26,2025 - 26 - SS,2025 - 26 - H1,2025 - 26 - Q1,2025 - 26 - Feb,202501,2025 - 26 - W3,202503,2025-01-26,2026-01-31,1,February,2025-01-26,2025-02-22,2025-02-09,2025-02-15,3,Tuesday,3,17
2025-02-12,2025 - 26,2025 - 26 - SS,2025 - 26 - H1,2025 - 26 - Q1,2025 - 26 - Feb,202501,2025 - 26 - W3,202503,2025-01-26,2026-01-31,1,February,2025-01-26,2025-02-22,2025-02-09,2025-02-15,3,Wednesday,4,18
2025-02-13,2025 - 26,2025 - 26 - SS,2025 - 26 - H1,2025 - 26 - Q1,2025 - 26 - Feb,202501,2025 - 26 - W3,202503,2025-01-26,2026-01-31,1,February,2025-01-26,2025-02-22,2025-02-09,2025-02-15,3,Thursday,5,19
2025-02-14,2025 - 26,2025 - 26 - SS,2025 - 26 - H1,2025 - 26 - Q1,2025 - 26 - Feb,202501,2025 - 26 - W3,202503,2025-01-26,2026-01-31,1,February,2025-01-26,2025-02-22,2025-02-09,2025-02-15,3,Friday,6,20
2025-02-15,2025 - 26,2025 - 26 - SS,2025 - 26 - H1,2025 - 26 - Q1,2025 - 26 - Feb,202501,2025 - 26 - W3,202503,2025-01-26,2026-01-31,1,February,2025-01-26,2025-02-22,2025-02-09,2025-02-15,3,Saturday,7,21
2025-02-16,2025 - 26,2025 - 26 - SS,2025 - 26 - H1,2025 - 26 - Q1,2025 - 26 - Feb,202501,2025 - 26 - W4,202504,2025-01-26,2026-01-31,1,February,2025-01-26,2025-02-22,2025-02-16,2025-02-22,4,Sunday,1,22
2025-02-17,2025 - 26,2025 - 26 - SS,2025 - 26 - H1,2025 - 26 - Q1,2025 - 26 - Feb,202501,2025 - 26 - W4,202504,2025-01-26,2026-01-31,1,February,2025-01-26,2025-02-22,2025-02-16,2025-02-22,4,Monday,2,23
2025-02-18,2025 - 26,2025 - 26 - SS,2025 - 26 - H1,2025 - 26 - Q1,2025 - 26 - Feb,202501,2025 - 26 - W4,202504,2025-01-26,2026-01-31,1,February,2025-01-26,2025-02-22,2025-02-16,2025-02-22,4,Tuesday,3,24
2025-02-19,2025 - 26,2025 - 26 - SS,2025 - 26 - H1,2025 - 26 - Q1,2025 - 26 - Feb,202501,2025 - 26 - W4,202504,2025-01-26,2026-01-31,1,February,2025-01-26,2025-02-22,2025-02-16,2025-02-22,4,Wednesday,4,25
2025-02-20,2025 - 26,2025 - 26 - SS,2025 - 26 - H1,2025 - 26 - Q1,2025 - 26 - Feb,202501,2025 - 26 - W4,202504,2025-01-26,2026-01-31,1,February,2025-01-26,2025-02-22,2025-02-16,2025-02-22,4,Thursday,5,26
2025-02-21,2025 - 26,2025 - 26 - SS,2025 - 26 - H1,2025 - 26 - Q1,2025 - 26 - Feb,202501,2025 - 26 - W4,202504,2025-01-26,2026-01-31,1,February,2025-01-26,2025-02-22,2025-02-16,2025-02-22,4,Friday,6,27
2025-02-22,2025 - 26,2025 - 26 - SS,2025 - 26 - H1,2025 - 26 - Q1,2025 - 26 - Feb,202501,2025 - 26 - W4,202504,2025-01-26,2026-01-31,1,February,2025-01-26,2025-02-22,2025-02-16,2025-02-22,4,Saturday,7,28
2025-02-23,2025 - 26,2025 - 26 - SS,2025 - 26 - H1,2025 - 26 - Q1,2025 - 26 - Mar,202502,2025 - 26 - W5,202505,2025-01-26,2026-01-31,2,March,2025-02-23,2025-03-29,2025-02-23,2025-03-01,5,Sunday,1,1
2025-02-24,2025 - 26,2025 - 26 - SS,2025 - 26 - H1,2025 - 26 - Q1,2025 - 26 - Mar,202502,2025 - 26 - W5,202505,2025-01-26,2026-01-31,2,March,2025-02-23,2025-03-29,2025-02-23,2025-03-01,5,Monday,2,2
2025-02-25,2025 - 26,2025 - 26 - SS,2025 - 26 - H1,2025 - 26 - Q1,2025 - 26 - Mar,202502,2025 - 26 - W5,202505,2025-01-26,2026-01-31,2,March,2025-02-23,2025-03-29,2025-02-23,2025-03-01,5,Tuesday,3,3
2025-02-26,2025 - 26,2025 - 26 - SS,2025 - 26 - H1,2025 - 26 - Q1,2025 - 26 - Mar,202502,2025 - 26 - W5,202505,2025-01-26,2026-01-31,2,March,2025-02-23,2025-03-29,2025-02-23,2025-03-01,5,Wednesday,4,4
2025-02-27,2025 - 26,2025 - 26 - SS,2025 - 26 - H1,2025 - 26 - Q1,2025 - 26 - Mar,202502,2025 - 26 - W5,202505,2025-01-26,2026-01-31,2,March,2025-02-23,2025-03-29,2025-02-23,2025-03-01,5,Thursday,5,5
2025-02-28,2025 - 26,2025 - 26 - SS,2025 - 26 - H1,2025 - 26 - Q1,2025 - 26 - Mar,202502,2025 - 26 - W5,202505,2025-01-26,2026-01-31,2,March,2025-02-23,2025-03-29,2025-02-23,2025-03-01,5,Friday,6,6
2025-03-01,2025 - 26,2025 - 26 - SS,2025 - 26 - H1,2025 - 26 - Q1,2025 - 26 - Mar,202502,2025 - 26 - W5,202505,2025-01-26,2026-01-31,2,March,2025-02-23,2025-03-29,2025-02-23,2025-03-01,5,Saturday,7,7
2025-03-02,2025 - 26,2025 - 26 - SS,2025 - 26 - H1,2025 - 26 - Q1,2025 - 26 - Mar,202502,2025 - 26 - W6,202506,2025-01-26,2026-01-31,2,March,2025-02-23,2025-03-29,2025-03-02,2025-03-08,6,Sunday,1,8
2025-03-03,2025 - 26,2025 - 26 - SS,2025 - 26 - H1,2025 - 26 - Q1,2025 - 26 - Mar,202502,2025 - 26 - W6,202506,2025-01-26,2026-01-31,2,March,2025-02-23,2025-03-29,2025-03-02,2025-03-08,6,Monday,2,9
2025-03-04,2025 - 26,2025 - 26 - SS,2025 - 26 - H1,2025 - 26 - Q1,2025 - 26 - Mar,202502,2025 - 26 - W6,202506,2025-01-26,2026-01-31,2,March,2025-02-23,2025-03-29,2025-03-02,2025-03-08,6,Tuesday,3,10
2025-03-05,2025 - 26,2025 - 26 - SS,2025 - 26 - H1,2025 - 26 - Q1,2025 - 26 - Mar,202502,2025 - 26 - W6,202506,2025-01-26,2026-01-31,2,March,2025-02-23,2025-03-29,2025-03-02,2025-03-08,6,Wednesday,4,11
2025-03-06,2025 - 26,2025 - 26 - SS,2025 - 26 - H1,2025 - 26 - Q1,2025 - 26 - Mar,202502,2025 - 26 - W6,202506,2025-01-26,2026-01-31,2,March,2025-02-23,2025-03-29,2025-03-02,2025-03-08,6,Thursday,5,12
2025-03-07,2025 - 26,2025 - 26 - SS,2025 - 26 - H1,2025 - 26 - Q1,2025 - 26 - Mar,202502,2025 - 26 - W6,202506,2025-01-26,2026-01-31,2,March,2025-02-23,2025-03-29,2025-03-02,2025-03-08,6,Friday,6,13
2025-03-08,2025 - 26,2025 - 26 - SS,2025 - 26 - H1,2025 - 26 - Q1,2025 - 26 - Mar,202502,2025 - 26 - W6,202506,2025-01-26,2026-01-31,2,March,2025-02-23,2025-03-29,2025-03-02,2025-03-08,6,Saturday,7,14
2025-03-09,2025 - 26,2025 - 26 - SS,2025 - 26 - H1,2025 - 26 - Q1,2025 - 26 - Mar,202502,2025 - 26 - W7,202507,2025-01-26,2026-01-31,2,March,2025-02-23,2025-03-29,2025-03-09,2025-03-15,7,Sunday,1,15
2025-03-10,2025 - 26,2025 - 26 - SS,2025 - 26 - H1,2025 - 26 - Q1,2025 - 26 - Mar,202502,2025 - 26 - W7,202507,2025-01-26,2026-01-31,2,March,2025-02-23,2025-03-29,2025-03-09,2025-03-15,7,Monday,2,16
2025-03-11,2025 - 26,2025 - 26 - SS,2025 - 26 - H1,2025 - 26 - Q1,2025 - 26 - Mar,202502,2025 - 26 - W7,202507,2025-01-26,2026-01-31,2,March,2025-02-23,2025-03-29,2025-03-09,2025-03-15,7,Tuesday,3,17
2025-03-12,2025 - 26,2025 - 26 - SS,2025 - 26 - H1,2025 - 26 - Q1,2025 - 26 - Mar,202502,2025 - 26 - W7,202507,2025-01-26,2026-01-31,2,March,2025-02-23,2025-03-29,2025-03-09,2025-03-15,7,Wednesday,4,18
2025-03-13,2025 - 26,2025 - 26 - SS,2025 - 26 - H1,2025 - 26 - Q1,2025 - 26 - Mar,202502,2025 - 26 - W7,202507,2025-01-26,2026-01-31,2,March,2025-02-23,2025-03-29,2025-03-09,2025-03-15,7,Thursday,5,19
2025-03-14,2025 - 26,2025 - 26 - SS,2025 - 26 - H1,2025 - 26 - Q1,2025 - 26 - Mar,202502,2025 - 26 - W7,202507,2025-01-26,2026-01-31,2,March,2025-02-23,2025-03-29,2025-03-09,2025-03-15,7,Friday,6,20
2025-03-15,2025 - 26,2025 - 26 - SS,2025 - 26 - H1,2025 - 26 - Q1,2025 - 26 - Mar,202502,2025 - 26 - W7,202507,2025-01-26,2026-01-31,2,March,2025-02-23,2025-03-29,2025-03-09,2025-03-15,7,Saturday,7,21
2025-03-16,2025 - 26,2025 - 26 - SS,2025 - 26 - H1,2025 - 26 - Q1,2025 - 26 - Mar,202502,2025 - 26 - W8,202508,2025-01-26,2026-01-31,2,March,2025-02-23,2025-03-29,2025-03-16,2025-03-22,8,Sunday,1,22
2025-03-17,2025 - 26,2025 - 26 - SS,2025 - 26 - H1,2025 - 26 - Q1,2025 - 26 - Mar,202502,2025 - 26 - W8,202508,2025-01-26,2026-01-31,2,March,2025-02-23,2025-03-29,2025-03-16,2025-03-22,8,Monday,2,23
2025-03-18,2025 - 26,2025 - 26 - SS,2025 - 26 - H1,2025 - 26 - Q1,2025 - 26 - Mar,202502,2025 - 26 - W8,202508,2025-01-26,2026-01-31,2,March,2025-02-23,2025-03-29,2025-03-16,2025-03-22,8,Tuesday,3,24
2025-03-19,2025 - 26,2025 - 26 - SS,2025 - 26 - H1,2025 - 26 - Q1,2025 - 26 - Mar,202502,2025 - 26 - W8,202508,2025-01-26,2026-01-31,2,March,2025-02-23,2025-03-29,2025-03-16,2025-03-22,8,Wednesday,4,25
2025-03-20,2025 - 26,2025 - 26 - SS,2025 - 26 - H1,2025 - 26 - Q1,2025 - 26 - Mar,202502,2025 - 26 - W8,202508,2025-01-26,2026-01-31,2,March,2025-02-23,2025-03-29,2025-03-16,2025-03-22,8,Thursday,5,26
2025-03-21,2025 - 26,2025 - 26 - SS,2025 - 26 - H1,2025 - 26 - Q1,2025 - 26 - Mar,202502,2025 - 26 - W8,202508,2025-01-26,2026-01-31,2,March,2025-02-23,2025-03-29,2025-03-16,2025-03-22,8,Friday,6,27
2025-03-22,2025 - 26,2025 - 26 - SS,2025 - 26 - H1,2025 - 26 - Q1,2025 - 26 - Mar,202502,2025 - 26 - W8,202508,2025-01-26,2026-01-31,2,March,2025-02-23,2025-03-29,2025-03-16,2025-03-22,8,Saturday,7,28
2025-03-23,2025 - 26,2025 - 26 - SS,2025 - 26 - H1,2025 - 26 - Q1,2025 - 26 - Mar,202502,2025 - 26 - W9,202509,2025-01-26,2026-01-31,2,March,2025-02-23,2025-03-29,2025-03-23,2025-03-29,9,Sunday,1,29
2025-03-24,2025 - 26,2025 - 26 - SS,2025 - 26 - H1,2025 - 26 - Q1,2025 - 26 - Mar,202502,2025 - 26 - W9,202509,2025-01-26,2026-01-31,2,March,2025-02-23,2025-03-29,2025-03-23,2025-03-29,9,Monday,2,30
2025-03-25,2025 - 26,2025 - 26 - SS,2025 - 26 - H1,2025 - 26 - Q1,2025 - 26 - Mar,202502,2025 - 26 - W9,202509,2025-01-26,2026-01-31,2,March,2025-02-23,2025-03-29,2025-03-23,2025-03-29,9,Tuesday,3,31
2025-03-26,2025 - 26,2025 - 26 - SS,2025 - 26 - H1,2025 - 26 - Q1,2025 - 26 - Mar,202502,2025 - 26 - W9,202509,2025-01-26,2026-01-31,2,March,2025-02-23,2025-03-29,2025-03-23,2025-03-29,9,Wednesday,4,32
2025-03-27,2025 - 26,2025 - 26 - SS,2025 - 26 - H1,2025 - 26 - Q1,2025 - 26 - Mar,202502,2025 - 26 - W9,202509,2025-01-26,2026-01-31,2,March,2025-02-23,2025-03-29,2025-03-23,2025-03-29,9,Thursday,5,33
2025-03-28,2025 - 26,2025 - 26 - SS,2025 - 26 - H1,2025 - 26 - Q1,2025 - 26 - Mar,202502,2025 - 26 - W9,202509,2025-01-26,2026-01-31,2,March,2025-02-23,2025-03-29,2025-03-23,2025-03-29,9,Friday,6,34
2025-03-29,2025 - 26,2025 - 26 - SS,2025 - 26 - H1,2025 - 26 - Q1,2025 - 26 - Mar,202502,2025 - 26 - W9,202509,2025-01-26,2026-01-31,2,March,2025-02-23,2025-03-29,2025-03-23,2025-03-29,9,Saturday,7,35
2025-03-30,2025 - 26,2025 - 26 - SS,2025 - 26 - H1,2025 - 26 - Q1,2025 - 26 - Apr,202503,2025 - 26 - W10,202510,2025-01-26,2026-01-31,3,April,2025-03-30,2025-04-26,2025-03-30,2025-04-05,10,Sunday,1,1
2025-03-31,2025 - 26,2025 - 26 - SS,2025 - 26 - H1,2025 - 26 - Q1,2025 - 26 - Apr,202503,2025 - 26 - W10,202510,2025-01-26,2026-01-31,3,April,2025-03-30,2025-04-26,2025-03-30,2025-04-05,10,Monday,2,2
2025-04-01,2025 - 26,2025 - 26 - SS,2025 - 26 - H1,2025 - 26 - Q1,2025 - 26 - Apr,202503,2025 - 26 - W10,202510,2025-01-26,2026-01-31,3,April,2025-03-30,2025-04-26,2025-03-30,2025-04-05,10,Tuesday,3,3
2025-04-02,2025 - 26,2025 - 26 - SS,2025 - 26 - H1,2025 - 26 - Q1,2025 - 26 - Apr,202503,2025 - 26 - W10,202510,2025-01-26,2026-01-31,3,April,2025-03-30,2025-04-26,2025-03-30,2025-04-05,10,Wednesday,4,4
2025-04-03,2025 - 26,2025 - 26 - SS,2025 - 26 - H1,2025 - 26 - Q1,2025 - 26 - Apr,202503,2025 - 26 - W10,202510,2025-01-26,2026-01-31,3,April,2025-03-30,2025-04-26,2025-03-30,2025-04-05,10,Thursday,5,5
2025-04-04,2025 - 26,2025 - 26 - SS,2025 - 26 - H1,2025 - 26 - Q1,2025 - 26 - Apr,202503,2025 - 26 - W10,202510,2025-01-26,2026-01-31,3,April,2025-03-30,2025-04-26,2025-03-30,2025-04-05,10,Friday,6,6
2025-04-05,2025 - 26,2025 - 26 - SS,2025 - 26 - H1,2025 - 26 - Q1,2025 - 26 - Apr,202503,2025 - 26 - W10,202510,2025-01-26,2026-01-31,3,April,2025-03-30,2025-04-26,2025-03-30,2025-04-05,10,Saturday,7,7
2025-04-06,2025 - 26,2025 - 26 - SS,2025 - 26 - H1,2025 - 26 - Q1,2025 - 26 - Apr,202503,2025 - 26 - W11,202511,2025-01-26,2026-01-31,3,April,2025-03-30,2025-04-26,2025-04-06,2025-04-12,11,Sunday,1,8
2025-04-07,2025 - 26,2025 - 26 - SS,2025 - 26 - H1,2025 - 26 - Q1,2025 - 26 - Apr,202503,2025 - 26 - W11,202511,2025-01-26,2026-01-31,3,April,2025-03-30,2025-04-26,2025-04-06,2025-04-12,11,Monday,2,9
2025-04-08,2025 - 26,2025 - 26 - SS,2025 - 26 - H1,2025 - 26 - Q1,2025 - 26 - Apr,202503,2025 - 26 - W11,202511,2025-01-26,2026-01-31,3,April,2025-03-30,2025-04-26,2025-04-06,2025-04-12,11,Tuesday,3,10
2025-04-09,2025 - 26,2025 - 26 - SS,2025 - 26 - H1,2025 - 26 - Q1,2025 - 26 - Apr,202503,2025 - 26 - W11,202511,2025-01-26,2026-01-31,3,April,2025-03-30,2025-04-26,2025-04-06,2025-04-12,11,Wednesday,4,11
2025-04-10,2025 - 26,2025 - 26 - SS,2025 - 26 - H1,2025 - 26 - Q1,2025 - 26 - Apr,202503,2025 - 26 - W11,202511,2025-01-26,2026-01-31,3,April,2025-03-30,2025-04-26,2025-04-06,2025-04-12,11,Thursday,5,12
2025-04-11,2025 - 26,2025 - 26 - SS,2025 - 26 - H1,2025 - 26 - Q1,2025 - 26 - Apr,202503,2025 - 26 - W11,202511,2025-01-26,2026-01-31,3,April,2025-03-30,2025-04-26,2025-04-06,2025-04-12,11,Friday,6,13
2025-04-12,2025 - 26,2025 - 26 - SS,2025 - 26 - H1,2025 - 26 - Q1,2025 - 26 - Apr,202503,2025 - 26 - W11,202511,2025-01-26,2026-01-31,3,April,2025-03-30,2025-04-26,2025-04-06,2025-04-12,11,Saturday,7,14
2025-04-13,2025 - 26,2025 - 26 - SS,2025 - 26 - H1,2025 - 26 - Q1,2025 - 26 - Apr,202503,2025 - 26 - W12,202512,2025-01-26,2026-01-31,3,April,2025-03-30,2025-04-26,2025-04-13,2025-04-19,12,Sunday,1,15
2025-04-14,2025 - 26,2025 - 26 - SS,2025 - 26 - H1,2025 - 26 - Q1,2025 - 26 - Apr,202503,2025 - 26 - W12,202512,2025-01-26,2026-01-31,3,April,2025-03-30,2025-04-26,2025-04-13,2025-04-19,12,Monday,2,16
2025-04-15,2025 - 26,2025 - 26 - SS,2025 - 26 - H1,2025 - 26 - Q1,2025 - 26 - Apr,202503,2025 - 26 - W12,202512,2025-01-26,2026-01-31,3,April,2025-03-30,2025-04-26,2025-04-13,2025-04-19,12,Tuesday,3,17
2025-04-16,2025 - 26,2025 - 26 - SS,2025 - 26 - H1,2025 - 26 - Q1,2025 - 26 - Apr,202503,2025 - 26 - W12,202512,2025-01-26,2026-01-31,3,April,2025-03-30,2025-04-26,2025-04-13,2025-04-19,12,Wednesday,4,18
2025-04-17,2025 - 26,2025 - 26 - SS,2025 - 26 - H1,2025 - 26 - Q1,2025 - 26 - Apr,202503,2025 - 26 - W12,202512,2025-01-26,2026-01-31,3,April,2025-03-30,2025-04-26,2025-04-13,2025-04-19,12,Thursday,5,19
2025-04-18,2025 - 26,2025 - 26 - SS,2025 - 26 - H1,2025 - 26 - Q1,2025 - 26 - Apr,202503,2025 - 26 - W12,202512,2025-01-26,2026-01-31,3,April,2025-03-30,2025-04-26,2025-04-13,2025-04-19,12,Friday,6,20
2025-04-19,2025 - 26,2025 - 26 - SS,2025 - 26 - H1,2025 - 26 - Q1,2025 - 26 - Apr,202503,2025 - 26 - W12,202512,2025-01-26,2026-01-31,3,April,2025-03-30,2025-04-26,2025-04-13,2025-04-19,12,Saturday,7,21
2025-04-20,2025 - 26,2025 - 26 - SS,2025 - 26 - H1,2025 - 26 - Q1,2025 - 26 - Apr,202503,2025 - 26 - W13,202513,2025-01-26,2026-01-31,3,April,2025-03-30,2025-04-26,2025-04-20,2025-04-26,13,Sunday,1,22
2025-04-21,2025 - 26,2025 - 26 - SS,2025 - 26 - H1,2025 - 26 - Q1,2025 - 26 - Apr,202503,2025 - 26 - W13,202513,2025-01-26,2026-01-31,3,April,2025-03-30,2025-04-26,2025-04-20,2025-04-26,13,Monday,2,23
2025-04-22,2025 - 26,2025 - 26 - SS,2025 - 26 - H1,2025 - 26 - Q1,2025 - 26 - Apr,202503,2025 - 26 - W13,202513,2025-01-26,2026-01-31,3,April,2025-03-30,2025-04-26,2025-04-20,2025-04-26,13,Tuesday,3,24
2025-04-23,2025 - 26,2025 - 26 - SS,2025 - 26 - H1,2025 - 26 - Q1,2025 - 26 - Apr,202503,2025 - 26 - W13,202513,2025-01-26,2026-01-31,3,April,2025-03-30,2025-04-26,2025-04-20,2025-04-26,13,Wednesday,4,25
2025-04-24,2025 - 26,2025 - 26 - SS,2025 - 26 - H1,2025 - 26 - Q1,2025 - 26 - Apr,202503,2025 - 26 - W13,202513,2025-01-26,2026-01-31,3,April,2025-03-30,2025-04-26,2025-04-20,2025-04-26,13,Thursday,5,26
2025-04-25,2025 - 26,2025 - 26 - SS,2025 - 26 - H1,2025 - 26 - Q1,2025 - 26 - Apr,202503,2025 - 26 - W13,202513,2025-01-26,2026-01-31,3,April,2025-03-30,2025-04-26,2025-04-20,2025-04-26,13,Friday,6,27
2025-04-26,2025 - 26,2025 - 26 - SS,2025 - 26 - H1,2025 - 26 - Q1,2025 - 26 - Apr,202503,2025 - 26 - W13,202513,2025-01-26,2026-01-31,3,April,2025-03-30,2025-04-26,2025-04-20,2025-04-26,13,Saturday,7,28
2025-04-27,2025 - 26,2025 - 26 - SS,2025 - 26 - H1,2025 - 26 - Q2,2025 - 26 - May,202504,2025 - 26 - W14,202514,2025-01-26,2026-01-31,4,May,2025-04-27,2025-05-24,2025-04-27,2025-05-03,14,Sunday,1,1
2025-04-28,2025 - 26,2025 - 26 - SS,2025 - 26 - H1,2025 - 26 - Q2,2025 - 26 - May,202504,2025 - 26 - W14,202514,2025-01-26,2026-01-31,4,May,2025-04-27,2025-05-24,2025-04-27,2025-05-03,14,Monday,2,2
2025-04-29,2025 - 26,2025 - 26 - SS,2025 - 26 - H1,2025 - 26 - Q2,2025 - 26 - May,202504,2025 - 26 - W14,202514,2025-01-26,2026-01-31,4,May,2025-04-27,2025-05-24,2025-04-27,2025-05-03,14,Tuesday,3,3
2025-04-30,2025 - 26,2025 - 26 - SS,2025 - 26 - H1,2025 - 26 - Q2,2025 - 26 - May,202504,2025 - 26 - W14,202514,2025-01-26,2026-01-31,4,May,2025-04-27,2025-05-24,2025-04-27,2025-05-03,14,Wednesday,4,4
2025-05-01,2025 - 26,2025 - 26 - SS,2025 - 26 - H1,2025 - 26 - Q2,2025 - 26 - May,202504,2025 - 26 - W14,202514,2025-01-26,2026-01-31,4,May,2025-04-27,2025-05-24,2025-04-27,2025-05-03,14,Thursday,5,5
2025-05-02,2025 - 26,2025 - 26 - SS,2025 - 26 - H1,2025 - 26 - Q2,2025 - 26 - May,202504,2025 - 26 - W14,202514,2025-01-26,2026-01-31,4,May,2025-04-27,2025-05-24,2025-04-27,2025-05-03,14,Friday,6,6
2025-05-03,2025 - 26,2025 - 26 - SS,2025 - 26 - H1,2025 - 26 - Q2,2025 - 26 - May,202504,2025 - 26 - W14,202514,2025-01-26,2026-01-31,4,May,2025-04-27,2025-05-24,2025-04-27,2025-05-03,14,Saturday,7,7
2025-05-04,2025 - 26,2025 - 26 - SS,2025 - 26 - H1,2025 - 26 - Q2,2025 - 26 - May,202504,2025 - 26 - W15,202515,2025-01-26,2026-01-31,4,May,2025-04-27,2025-05-24,2025-05-04,2025-05-10,15,Sunday,1,8
2025-05-05,2025 - 26,2025 - 26 - SS,2025 - 26 - H1,2025 - 26 - Q2,2025 - 26 - May,202504,2025 - 26 - W15,202515,2025-01-26,2026-01-31,4,May,2025-04-27,2025-05-24,2025-05-04,2025-05-10,15,Monday,2,9
2025-05-06,2025 - 26,2025 - 26 - SS,2025 - 26 - H1,2025 - 26 - Q2,2025 - 26 - May,202504,2025 - 26 - W15,202515,2025-01-26,2026-01-31,4,May,2025-04-27,2025-05-24,2025-05-04,2025-05-10,15,Tuesday,3,10
2025-05-07,2025 - 26,2025 - 26 - SS,2025 - 26 - H1,2025 - 26 - Q2,2025 - 26 - May,202504,2025 - 26 - W15,202515,2025-01-26,2026-01-31,4,May,2025-04-27,2025-05-24,2025-05-04,2025-05-10,15,Wednesday,4,11
2025-05-08,2025 - 26,2025 - 26 - SS,2025 - 26 - H1,2025 - 26 - Q2,2025 - 26 - May,202504,2025 - 26 - W15,202515,2025-01-26,2026-01-31,4,May,2025-04-27,2025-05-24,2025-05-04,2025-05-10,15,Thursday,5,12
2025-05-09,2025 - 26,2025 - 26 - SS,2025 - 26 - H1,2025 - 26 - Q2,2025 - 26 - May,202504,2025 - 26 - W15,202515,2025-01-26,2026-01-31,4,May,2025-04-27,2025-05-24,2025-05-04,2025-05-10,15,Friday,6,13
2025-05-10,2025 - 26,2025 - 26 - SS,2025 - 26 - H1,2025 - 26 - Q2,2025 - 26 - May,202504,2025 - 26 - W15,202515,2025-01-26,2026-01-31,4,May,2025-04-27,2025-05-24,2025-05-04,2025-05-10,15,Saturday,7,14
2025-05-11,2025 - 26,2025 - 26 - SS,2025 - 26 - H1,2025 - 26 - Q2,2025 - 26 - May,202504,2025 - 26 - W16,202516,2025-01-26,2026-01-31,4,May,2025-04-27,2025-05-24,2025-05-11,2025-05-17,16,Sunday,1,15
2025-05-12,2025 - 26,2025 - 26 - SS,2025 - 26 - H1,2025 - 26 - Q2,2025 - 26 - May,202504,2025 - 26 - W16,202516,2025-01-26,2026-01-31,4,May,2025-04-27,2025-05-24,2025-05-11,2025-05-17,16,Monday,2,16
2025-05-13,2025 - 26,2025 - 26 - SS,2025 - 26 - H1,2025 - 26 - Q2,2025 - 26 - May,202504,2025 - 26 - W16,202516,2025-01-26,2026-01-31,4,May,2025-04-27,2025-05-24,2025-05-11,2025-05-17,16,Tuesday,3,17
2025-05-14,2025 - 26,2025 - 26 - SS,2025 - 26 - H1,2025 - 26 - Q2,2025 - 26 - May,202504,2025 - 26 - W16,202516,2025-01-26,2026-01-31,4,May,2025-04-27,2025-05-24,2025-05-11,2025-05-17,16,Wednesday,4,18
2025-05-15,2025 - 26,2025 - 26 - SS,2025 - 26 - H1,2025 - 26 - Q2,2025 - 26 - May,202504,2025 - 26 - W16,202516,2025-01-26,2026-01-31,4,May,2025-04-27,2025-05-24,2025-05-11,2025-05-17,16,Thursday,5,19
2025-05-16,2025 - 26,2025 - 26 - SS,2025 - 26 - H1,2025 - 26 - Q2,2025 - 26 - May,202504,2025 - 26 - W16,202516,2025-01-26,2026-01-31,4,May,2025-04-27,2025-05-24,2025-05-11,2025-05-17,16,Friday,6,20
2025-05-17,2025 - 26,2025 - 26 - SS,2025 - 26 - H1,2025 - 26 - Q2,2025 - 26 - May,202504,2025 - 26 - W16,202516,2025-01-26,2026-01-31,4,May,2025-04-27,2025-05-24,2025-05-11,2025-05-17,16,Saturday,7,21
2025-05-18,2025 - 26,2025 - 26 - SS,2025 - 26 - H1,2025 - 26 - Q2,2025 - 26 - May,202504,2025 - 26 - W17,202517,2025-01-26,2026-01-31,4,May,2025-04-27,2025-05-24,2025-05-18,2025-05-24,17,Sunday,1,22
2025-05-19,2025 - 26,2025 - 26 - SS,2025 - 26 - H1,2025 - 26 - Q2,2025 - 26 - May,202504,2025 - 26 - W17,202517,2025-01-26,2026-01-31,4,May,2025-04-27,2025-05-24,2025-05-18,2025-05-24,17,Monday,2,23
2025-05-20,2025 - 26,2025 - 26 - SS,2025 - 26 - H1,2025 - 26 - Q2,2025 - 26 - May,202504,2025 - 26 - W17,202517,2025-01-26,2026-01-31,4,May,2025-04-27,2025-05-24,2025-05-18,2025-05-24,17,Tuesday,3,24
2025-05-21,2025 - 26,2025 - 26 - SS,2025 - 26 - H1,2025 - 26 - Q2,2025 - 26 - May,202504,2025 - 26 - W17,202517,2025-01-26,2026-01-31,4,May,2025-04-27,2025-05-24,2025-05-18,2025-05-24,17,Wednesday,4,25
2025-05-22,2025 - 26,2025 - 26 - SS,2025 - 26 - H1,2025 - 26 - Q2,2025 - 26 - May,202504,2025 - 26 - W17,202517,2025-01-26,2026-01-31,4,May,2025-04-27,2025-05-24,2025-05-18,2025-05-24,17,Thursday,5,26
2025-05-23,2025 - 26,2025 - 26 - SS,2025 - 26 - H1,2025 - 26 - Q2,2025 - 26 - May,202504,2025 - 26 - W17,202517,2025-01-26,2026-01-31,4,May,2025-04-27,2025-05-24,2025-05-18,2025-05-24,17,Friday,6,27
2025-05-24,2025 - 26,2025 - 26 - SS,2025 - 26 - H1,2025 - 26 - Q2,2025 - 26 - May,202504,2025 - 26 - W17,202517,2025-01-26,2026-01-31,4,May,2025-04-27,2025-05-24,2025-05-18,2025-05-24,17,Saturday,7,28
2025-05-25,2025 - 26,2025 - 26 - SS,2025 - 26 - H1,2025 - 26 - Q2,2025 - 26 - June,202505,2025 - 26 - W18,202518,2025-01-26,2026-01-31,5,June,2025-05-25,2025-06-28,2025-05-25,2025-05-31,18,Sunday,1,1
2025-05-26,2025 - 26,2025 - 26 - SS,2025 - 26 - H1,2025 - 26 - Q2,2025 - 26 - June,202505,2025 - 26 - W18,202518,2025-01-26,2026-01-31,5,June,2025-05-25,2025-06-28,2025-05-25,2025-05-31,18,Monday,2,2
2025-05-27,2025 - 26,2025 - 26 - SS,2025 - 26 - H1,2025 - 26 - Q2,2025 - 26 - June,202505,2025 - 26 - W18,202518,2025-01-26,2026-01-31,5,June,2025-05-25,2025-06-28,2025-05-25,2025-05-31,18,Tuesday,3,3
2025-05-28,2025 - 26,2025 - 26 - SS,2025 - 26 - H1,2025 - 26 - Q2,2025 - 26 - June,202505,2025 - 26 - W18,202518,2025-01-26,2026-01-31,5,June,2025-05-25,2025-06-28,2025-05-25,2025-05-31,18,Wednesday,4,4
2025-05-29,2025 - 26,2025 - 26 - SS,2025 - 26 - H1,2025 - 26 - Q2,2025 - 26 - June,202505,2025 - 26 - W18,202518,2025-01-26,2026-01-31,5,June,2025-05-25,2025-06-28,2025-05-25,2025-05-31,18,Thursday,5,5
2025-05-30,2025 - 26,2025 - 26 - SS,2025 - 26 - H1,2025 - 26 - Q2,2025 - 26 - June,202505,2025 - 26 - W18,202518,2025-01-26,2026-01-31,5,June,2025-05-25,2025-06-28,2025-05-25,2025-05-31,18,Friday,6,6
2025-05-31,2025 - 26,2025 - 26 - SS,2025 - 26 - H1,2025 - 26 - Q2,2025 - 26 - June,202505,2025 - 26 - W18,202518,2025-01-26,2026-01-31,5,June,2025-05-25,2025-06-28,2025-05-25,2025-05-31,18,Saturday,7,7
2025-06-01,2025 - 26,2025 - 26 - SS,2025 - 26 - H1,2025 - 26 - Q2,2025 - 26 - June,202505,2025 - 26 - W19,202519,2025-01-26,2026-01-31,5,June,2025-05-25,2025-06-28,2025-06-01,2025-06-07,19,Sunday,1,8
2025-06-02,2025 - 26,2025 - 26 - SS,2025 - 26 - H1,2025 - 26 - Q2,2025 - 26 - June,202505,2025 - 26 - W19,202519,2025-01-26,2026-01-31,5,June,2025-05-25,2025-06-28,2025-06-01,2025-06-07,19,Monday,2,9
2025-06-03,2025 - 26,2025 - 26 - SS,2025 - 26 - H1,2025 - 26 - Q2,2025 - 26 - June,202505,2025 - 26 - W19,202519,2025-01-26,2026-01-31,5,June,2025-05-25,2025-06-28,2025-06-01,2025-06-07,19,Tuesday,3,10
2025-06-04,2025 - 26,2025 - 26 - SS,2025 - 26 - H1,2025 - 26 - Q2,2025 - 26 - June,202505,2025 - 26 - W19,202519,2025-01-26,2026-01-31,5,June,2025-05-25,2025-06-28,2025-06-01,2025-06-07,19,Wednesday,4,11
2025-06-05,2025 - 26,2025 - 26 - SS,2025 - 26 - H1,2025 - 26 - Q2,2025 - 26 - June,202505,2025 - 26 - W19,202519,2025-01-26,2026-01-31,5,June,2025-05-25,2025-06-28,2025-06-01,2025-06-07,19,Thursday,5,12
2025-06-06,2025 - 26,2025 - 26 - SS,2025 - 26 - H1,2025 - 26 - Q2,2025 - 26 - June,202505,2025 - 26 - W19,202519,2025-01-26,2026-01-31,5,June,2025-05-25,2025-06-28,2025-06-01,2025-06-07,19,Friday,6,13
2025-06-07,2025 - 26,2025 - 26 - SS,2025 - 26 - H1,2025 - 26 - Q2,2025 - 26 - June,202505,2025 - 26 - W19,202519,2025-01-26,2026-01-31,5,June,2025-05-25,2025-06-28,2025-06-01,2025-06-07,19,Saturday,7,14
2025-06-08,2025 - 26,2025 - 26 - SS,2025 - 26 - H1,2025 - 26 - Q2,2025 - 26 - June,202505,2025 - 26 - W20,202520,2025-01-26,2026-01-31,5,June,2025-05-25,2025-06-28,2025-06-08,2025-06-14,20,Sunday,1,15
2025-06-09,2025 - 26,2025 - 26 - SS,2025 - 26 - H1,2025 - 26 - Q2,2025 - 26 - June,202505,2025 - 26 - W20,202520,2025-01-26,2026-01-31,5,June,2025-05-25,2025-06-28,2025-06-08,2025-06-14,20,Monday,2,16
2025-06-10,2025 - 26,2025 - 26 - SS,2025 - 26 - H1,2025 - 26 - Q2,2025 - 26 - June,202505,2025 - 26 - W20,202520,2025-01-26,2026-01-31,5,June,2025-05-25,2025-06-28,2025-06-08,2025-06-14,20,Tuesday,3,17
2025-06-11,2025 - 26,2025 - 26 - SS,2025 - 26 - H1,2025 - 26 - Q2,2025 - 26 - June,202505,2025 - 26 - W20,202520,2025-01-26,2026-01-31,5,June,2025-05-25,2025-06-28,2025-06-08,2025-06-14,20,Wednesday,4,18
2025-06-12,2025 - 26,2025 - 26 - SS,2025 - 26 - H1,2025 - 26 - Q2,2025 - 26 - June,202505,2025 - 26 - W20,202520,2025-01-26,2026-01-31,5,June,2025-05-25,2025-06-28,2025-06-08,2025-06-14,20,Thursday,5,19
2025-06-13,2025 - 26,2025 - 26 - SS,2025 - 26 - H1,2025 - 26 - Q2,2025 - 26 - June,202505,2025 - 26 - W20,202520,2025-01-26,2026-01-31,5,June,2025-05-25,2025-06-28,2025-06-08,2025-06-14,20,Friday,6,20
2025-06-14,2025 - 26,2025 - 26 - SS,2025 - 26 - H1,2025 - 26 - Q2,2025 - 26 - June,202505,2025 - 26 - W20,202520,2025-01-26,2026-01-31,5,June,2025-05-25,2025-06-28,2025-06-08,2025-06-14,20,Saturday,7,21
2025-06-15,2025 - 26,2025 - 26 - SS,2025 - 26 - H1,2025 - 26 - Q2,2025 - 26 - June,202505,2025 - 26 - W21,202521,2025-01-26,2026-01-31,5,June,2025-05-25,2025-06-28,2025-06-15,2025-06-21,21,Sunday,1,22
2025-06-16,2025 - 26,2025 - 26 - SS,2025 - 26 - H1,2025 - 26 - Q2,2025 - 26 - June,202505,2025 - 26 - W21,202521,2025-01-26,2026-01-31,5,June,2025-05-25,2025-06-28,2025-06-15,2025-06-21,21,Monday,2,23
2025-06-17,2025 - 26,2025 - 26 - SS,2025 - 26 - H1,2025 - 26 - Q2,2025 - 26 - June,202505,2025 - 26 - W21,202521,2025-01-26,2026-01-31,5,June,2025-05-25,2025-06-28,2025-06-15,2025-06-21,21,Tuesday,3,24
2025-06-18,2025 - 26,2025 - 26 - SS,2025 - 26 - H1,2025 - 26 - Q2,2025 - 26 - June,202505,2025 - 26 - W21,202521,2025-01-26,2026-01-31,5,June,2025-05-25,2025-06-28,2025-06-15,2025-06-21,21,Wednesday,4,25
2025-06-19,2025 - 26,2025 - 26 - SS,2025 - 26 - H1,2025 - 26 - Q2,2025 - 26 - June,202505,2025 - 26 - W21,202521,2025-01-26,2026-01-31,5,June,2025-05-25,2025-06-28,2025-06-15,2025-06-21,21,Thursday,5,26
2025-06-20,2025 - 26,2025 - 26 - SS,2025 - 26 - H1,2025 - 26 - Q2,2025 - 26 - June,202505,2025 - 26 - W21,202521,2025-01-26,2026-01-31,5,June,2025-05-25,2025-06-28,2025-06-15,2025-06-21,21,Friday,6,27
2025-06-21,2025 - 26,2025 - 26 - SS,2025 - 26 - H1,2025 - 26 - Q2,2025 - 26 - June,202505,2025 - 26 - W21,202521,2025-01-26,2026-01-31,5,June,2025-05-25,2025-06-28,2025-06-15,2025-06-21,21,Saturday,7,28
2025-06-22,2025 - 26,2025 - 26 - SS,2025 - 26 - H1,2025 - 26 - Q2,2025 - 26 - June,202505,2025 - 26 - W22,202522,2025-01-26,2026-01-31,5,June,2025-05-25,2025-06-28,2025-06-22,2025-06-28,22,Sunday,1,29
2025-06-23,2025 - 26,2025 - 26 - SS,2025 - 26 - H1,2025 - 26 - Q2,2025 - 26 - June,202505,2025 - 26 - W22,202522,2025-01-26,2026-01-31,5,June,2025-05-25,2025-06-28,2025-06-22,2025-06-28,22,Monday,2,30
2025-06-24,2025 - 26,2025 - 26 - SS,2025 - 26 - H1,2025 - 26 - Q2,2025 - 26 - June,202505,2025 - 26 - W22,202522,2025-01-26,2026-01-31,5,June,2025-05-25,2025-06-28,2025-06-22,2025-06-28,22,Tuesday,3,31
2025-06-25,2025 - 26,2025 - 26 - SS,2025 - 26 - H1,2025 - 26 - Q2,2025 - 26 - June,202505,2025 - 26 - W22,202522,2025-01-26,2026-01-31,5,June,2025-05-25,2025-06-28,2025-06-22,2025-06-28,22,Wednesday,4,32
2025-06-26,2025 - 26,2025 - 26 - SS,2025 - 26 - H1,2025 - 26 - Q2,2025 - 26 - June,202505,2025 - 26 - W22,202522,2025-01-26,2026-01-31,5,June,2025-05-25,2025-06-28,2025-06-22,2025-06-28,22,Thursday,5,33
2025-06-27,2025 - 26,2025 - 26 - SS,2025 - 26 - H1,2025 - 26 - Q2,2025 - 26 - June,202505,2025 - 26 - W22,202522,2025-01-26,2026-01-31,5,June,2025-05-25,2025-06-28,2025-06-22,2025-06-28,22,Friday,6,34
2025-06-28,2025 - 26,2025 - 26 - SS,2025 - 26 - H1,2025 - 26 - Q2,2025 - 26 - June,202505,2025 - 26 - W22,202522,2025-01-26,2026-01-31,5,June,2025-05-25,2025-06-28,2025-06-22,2025-06-28,22,Saturday,7,35
2025-06-29,2025 - 26,2025 - 26 - SS,2025 - 26 - H1,2025 - 26 - Q2,2025 - 26 - July,202506,2025 - 26 - W23,202523,2025-01-26,2026-01-31,6,July,2025-06-29,2025-07-26,2025-06-29,2025-07-05,23,Sunday,1,1
2025-06-30,2025 - 26,2025 - 26 - SS,2025 - 26 - H1,2025 - 26 - Q2,2025 - 26 - July,202506,2025 - 26 - W23,202523,2025-01-26,2026-01-31,6,July,2025-06-29,2025-07-26,2025-06-29,2025-07-05,23,Monday,2,2
2025-07-01,2025 - 26,2025 - 26 - SS,2025 - 26 - H1,2025 - 26 - Q2,2025 - 26 - July,202506,2025 - 26 - W23,202523,2025-01-26,2026-01-31,6,July,2025-06-29,2025-07-26,2025-06-29,2025-07-05,23,Tuesday,3,3
2025-07-02,2025 - 26,2025 - 26 - SS,2025 - 26 - H1,2025 - 26 - Q2,2025 - 26 - July,202506,2025 - 26 - W23,202523,2025-01-26,2026-01-31,6,July,2025-06-29,2025-07-26,2025-06-29,2025-07-05,23,Wednesday,4,4
2025-07-03,2025 - 26,2025 - 26 - SS,2025 - 26 - H1,2025 - 26 - Q2,2025 - 26 - July,202506,2025 - 26 - W23,202523,2025-01-26,2026-01-31,6,July,2025-06-29,2025-07-26,2025-06-29,2025-07-05,23,Thursday,5,5
2025-07-04,2025 - 26,2025 - 26 - SS,2025 - 26 - H1,2025 - 26 - Q2,2025 - 26 - July,202506,2025 - 26 - W23,202523,2025-01-26,2026-01-31,6,July,2025-06-29,2025-07-26,2025-06-29,2025-07-05,23,Friday,6,6
2025-07-05,2025 - 26,2025 - 26 - SS,2025 - 26 - H1,2025 - 26 - Q2,2025 - 26 - July,202506,2025 - 26 - W23,202523,2025-01-26,2026-01-31,6,July,2025-06-29,2025-07-26,2025-06-29,2025-07-05,23,Saturday,7,7
2025-07-06,2025 - 26,2025 - 26 - SS,2025 - 26 - H1,2025 - 26 - Q2,2025 - 26 - July,202506,2025 - 26 - W24,202524,2025-01-26,2026-01-31,6,July,2025-06-29,2025-07-26,2025-07-06,2025-07-12,24,Sunday,1,8
2025-07-07,2025 - 26,2025 - 26 - SS,2025 - 26 - H1,2025 - 26 - Q2,2025 - 26 - July,202506,2025 - 26 - W24,202524,2025-01-26,2026-01-31,6,July,2025-06-29,2025-07-26,2025-07-06,2025-07-12,24,Monday,2,9
2025-07-08,2025 - 26,2025 - 26 - SS,2025 - 26 - H1,2025 - 26 - Q2,2025 - 26 - July,202506,2025 - 26 - W24,202524,2025-01-26,2026-01-31,6,July,2025-06-29,2025-07-26,2025-07-06,2025-07-12,24,Tuesday,3,10
2025-07-09,2025 - 26,2025 - 26 - SS,2025 - 26 - H1,2025 - 26 - Q2,2025 - 26 - July,202506,2025 - 26 - W24,202524,2025-01-26,2026-01-31,6,July,2025-06-29,2025-07-26,2025-07-06,2025-07-12,24,Wednesday,4,11
2025-07-10,2025 - 26,2025 - 26 - SS,2025 - 26 - H1,2025 - 26 - Q2,2025 - 26 - July,202506,2025 - 26 - W24,202524,2025-01-26,2026-01-31,6,July,2025-06-29,2025-07-26,2025-07-06,2025-07-12,24,Thursday,5,12
2025-07-11,2025 - 26,2025 - 26 - SS,2025 - 26 - H1,2025 - 26 - Q2,2025 - 26 - July,202506,2025 - 26 - W24,202524,2025-01-26,2026-01-31,6,July,2025-06-29,2025-07-26,2025-07-06,2025-07-12,24,Friday,6,13
2025-07-12,2025 - 26,2025 - 26 - SS,2025 - 26 - H1,2025 - 26 - Q2,2025 - 26 - July,202506,2025 - 26 - W24,202524,2025-01-26,2026-01-31,6,July,2025-06-29,2025-07-26,2025-07-06,2025-07-12,24,Saturday,7,14
2025-07-13,2025 - 26,2025 - 26 - SS,2025 - 26 - H1,2025 - 26 - Q2,2025 - 26 - July,202506,2025 - 26 - W25,202525,2025-01-26,2026-01-31,6,July,2025-06-29,2025-07-26,2025-07-13,2025-07-19,25,Sunday,1,15
2025-07-14,2025 - 26,2025 - 26 - SS,2025 - 26 - H1,2025 - 26 - Q2,2025 - 26 - July,202506,2025 - 26 - W25,202525,2025-01-26,2026-01-31,6,July,2025-06-29,2025-07-26,2025-07-13,2025-07-19,25,Monday,2,16
2025-07-15,2025 - 26,2025 - 26 - SS,2025 - 26 - H1,2025 - 26 - Q2,2025 - 26 - July,202506,2025 - 26 - W25,202525,2025-01-26,2026-01-31,6,July,2025-06-29,2025-07-26,2025-07-13,2025-07-19,25,Tuesday,3,17
2025-07-16,2025 - 26,2025 - 26 - SS,2025 - 26 - H1,2025 - 26 - Q2,2025 - 26 - July,202506,2025 - 26 - W25,202525,2025-01-26,2026-01-31,6,July,2025-06-29,2025-07-26,2025-07-13,2025-07-19,25,Wednesday,4,18
2025-07-17,2025 - 26,2025 - 26 - SS,2025 - 26 - H1,2025 - 26 - Q2,2025 - 26 - July,202506,2025 - 26 - W25,202525,2025-01-26,2026-01-31,6,July,2025-06-29,2025-07-26,2025-07-13,2025-07-19,25,Thursday,5,19
2025-07-18,2025 - 26,2025 - 26 - SS,2025 - 26 - H1,2025 - 26 - Q2,2025 - 26 - July,202506,2025 - 26 - W25,202525,2025-01-26,2026-01-31,6,July,2025-06-29,2025-07-26,2025-07-13,2025-07-19,25,Friday,6,20
2025-07-19,2025 - 26,2025 - 26 - SS,2025 - 26 - H1,2025 - 26 - Q2,2025 - 26 - July,202506,2025 - 26 - W25,202525,2025-01-26,2026-01-31,6,July,2025-06-29,2025-07-26,2025-07-13,2025-07-19,25,Saturday,7,21
2025-07-20,2025 - 26,2025 - 26 - SS,2025 - 26 - H1,2025 - 26 - Q2,2025 - 26 - July,202506,2025 - 26 - W26,202526,2025-01-26,2026-01-31,6,July,2025-06-29,2025-07-26,2025-07-20,2025-07-26,26,Sunday,1,22
2025-07-21,2025 - 26,2025 - 26 - SS,2025 - 26 - H1,2025 - 26 - Q2,2025 - 26 - July,202506,2025 - 26 - W26,202526,2025-01-26,2026-01-31,6,July,2025-06-29,2025-07-26,2025-07-20,2025-07-26,26,Monday,2,23
2025-07-22,2025 - 26,2025 - 26 - SS,2025 - 26 - H1,2025 - 26 - Q2,2025 - 26 - July,202506,2025 - 26 - W26,202526,2025-01-26,2026-01-31,6,July,2025-06-29,2025-07-26,2025-07-20,2025-07-26,26,Tuesday,3,24
2025-07-23,2025 - 26,2025 - 26 - SS,2025 - 26 - H1,2025 - 26 - Q2,2025 - 26 - July,202506,2025 - 26 - W26,202526,2025-01-26,2026-01-31,6,July,2025-06-29,2025-07-26,2025-07-20,2025-07-26,26,Wednesday,4,25
2025-07-24,2025 - 26,2025 - 26 - SS,2025 - 26 - H1,2025 - 26 - Q2,2025 - 26 - July,202506,2025 - 26 - W26,202526,2025-01-26,2026-01-31,6,July,2025-06-29,2025-07-26,2025-07-20,2025-07-26,26,Thursday,5,26
2025-07-25,2025 - 26,2025 - 26 - SS,2025 - 26 - H1,2025 - 26 - Q2,2025 - 26 - July,202506,2025 - 26 - W26,202526,2025-01-26,2026-01-31,6,July,2025-06-29,2025-07-26,2025-07-20,2025-07-26,26,Friday,6,27
2025-07-26,2025 - 26,2025 - 26 - SS,2025 - 26 - H1,2025 - 26 - Q2,2025 - 26 - July,202506,2025 - 26 - W26,202526,2025-01-26,2026-01-31,6,July,2025-06-29,2025-07-26,2025-07-20,2025-07-26,26,Saturday,7,28
2025-07-27,2025 - 26,2025 - 26 - AW,2025 - 26 - H2,2025 - 26 - Q3,2025 - 26 - Aug,202507,2025 - 26 - W27,202527,2025-01-26,2026-01-31,7,August,2025-07-27,2025-08-23,2025-07-27,2025-08-02,27,Sunday,1,1
2025-07-28,2025 - 26,2025 - 26 - AW,2025 - 26 - H2,2025 - 26 - Q3,2025 - 26 - Aug,202507,2025 - 26 - W27,202527,2025-01-26,2026-01-31,7,August,2025-07-27,2025-08-23,2025-07-27,2025-08-02,27,Monday,2,2
2025-07-29,2025 - 26,2025 - 26 - AW,2025 - 26 - H2,2025 - 26 - Q3,2025 - 26 - Aug,202507,2025 - 26 - W27,202527,2025-01-26,2026-01-31,7,August,2025-07-27,2025-08-23,2025-07-27,2025-08-02,27,Tuesday,3,3
2025-07-30,2025 - 26,2025 - 26 - AW,2025 - 26 - H2,2025 - 26 - Q3,2025 - 26 - Aug,202507,2025 - 26 - W27,202527,2025-01-26,2026-01-31,7,August,2025-07-27,2025-08-23,2025-07-27,2025-08-02,27,Wednesday,4,4
2025-07-31,2025 - 26,2025 - 26 - AW,2025 - 26 - H2,2025 - 26 - Q3,2025 - 26 - Aug,202507,2025 - 26 - W27,202527,2025-01-26,2026-01-31,7,August,2025-07-27,2025-08-23,2025-07-27,2025-08-02,27,Thursday,5,5
2025-08-01,2025 - 26,2025 - 26 - AW,2025 - 26 - H2,2025 - 26 - Q3,2025 - 26 - Aug,202507,2025 - 26 - W27,202527,2025-01-26,2026-01-31,7,August,2025-07-27,2025-08-23,2025-07-27,2025-08-02,27,Friday,6,6
2025-08-02,2025 - 26,2025 - 26 - AW,2025 - 26 - H2,2025 - 26 - Q3,2025 - 26 - Aug,202507,2025 - 26 - W27,202527,2025-01-26,2026-01-31,7,August,2025-07-27,2025-08-23,2025-07-27,2025-08-02,27,Saturday,7,7
2025-08-03,2025 - 26,2025 - 26 - AW,2025 - 26 - H2,2025 - 26 - Q3,2025 - 26 - Aug,202507,2025 - 26 - W28,202528,2025-01-26,2026-01-31,7,August,2025-07-27,2025-08-23,2025-08-03,2025-08-09,28,Sunday,1,8
2025-08-04,2025 - 26,2025 - 26 - AW,2025 - 26 - H2,2025 - 26 - Q3,2025 - 26 - Aug,202507,2025 - 26 - W28,202528,2025-01-26,2026-01-31,7,August,2025-07-27,2025-08-23,2025-08-03,2025-08-09,28,Monday,2,9
2025-08-05,2025 - 26,2025 - 26 - AW,2025 - 26 - H2,2025 - 26 - Q3,2025 - 26 - Aug,202507,2025 - 26 - W28,202528,2025-01-26,2026-01-31,7,August,2025-07-27,2025-08-23,2025-08-03,2025-08-09,28,Tuesday,3,10
2025-08-06,2025 - 26,2025 - 26 - AW,2025 - 26 - H2,2025 - 26 - Q3,2025 - 26 - Aug,202507,2025 - 26 - W28,202528,2025-01-26,2026-01-31,7,August,2025-07-27,2025-08-23,2025-08-03,2025-08-09,28,Wednesday,4,11
2025-08-07,2025 - 26,2025 - 26 - AW,2025 - 26 - H2,2025 - 26 - Q3,2025 - 26 - Aug,202507,2025 - 26 - W28,202528,2025-01-26,2026-01-31,7,August,2025-07-27,2025-08-23,2025-08-03,2025-08-09,28,Thursday,5,12
2025-08-08,2025 - 26,2025 - 26 - AW,2025 - 26 - H2,2025 - 26 - Q3,2025 - 26 - Aug,202507,2025 - 26 - W28,202528,2025-01-26,2026-01-31,7,August,2025-07-27,2025-08-23,2025-08-03,2025-08-09,28,Friday,6,13
2025-08-09,2025 - 26,2025 - 26 - AW,2025 - 26 - H2,2025 - 26 - Q3,2025 - 26 - Aug,202507,2025 - 26 - W28,202528,2025-01-26,2026-01-31,7,August,2025-07-27,2025-08-23,2025-08-03,2025-08-09,28,Saturday,7,14
2025-08-10,2025 - 26,2025 - 26 - AW,2025 - 26 - H2,2025 - 26 - Q3,2025 - 26 - Aug,202507,2025 - 26 - W29,202529,2025-01-26,2026-01-31,7,August,2025-07-27,2025-08-23,2025-08-10,2025-08-16,29,Sunday,1,15
2025-08-11,2025 - 26,2025 - 26 - AW,2025 - 26 - H2,2025 - 26 - Q3,2025 - 26 - Aug,202507,2025 - 26 - W29,202529,2025-01-26,2026-01-31,7,August,2025-07-27,2025-08-23,2025-08-10,2025-08-16,29,Monday,2,16
2025-08-12,2025 - 26,2025 - 26 - AW,2025 - 26 - H2,2025 - 26 - Q3,2025 - 26 - Aug,202507,2025 - 26 - W29,202529,2025-01-26,2026-01-31,7,August,2025-07-27,2025-08-23,2025-08-10,2025-08-16,29,Tuesday,3,17
2025-08-13,2025 - 26,2025 - 26 - AW,2025 - 26 - H2,2025 - 26 - Q3,2025 - 26 - Aug,202507,2025 - 26 - W29,202529,2025-01-26,2026-01-31,7,August,2025-07-27,2025-08-23,2025-08-10,2025-08-16,29,Wednesday,4,18
2025-08-14,2025 - 26,2025 - 26 - AW,2025 - 26 - H2,2025 - 26 - Q3,2025 - 26 - Aug,202507,2025 - 26 - W29,202529,2025-01-26,2026-01-31,7,August,2025-07-27,2025-08-23,2025-08-10,2025-08-16,29,Thursday,5,19
2025-08-15,2025 - 26,2025 - 26 - AW,2025 - 26 - H2,2025 - 26 - Q3,2025 - 26 - Aug,202507,2025 - 26 - W29,202529,2025-01-26,2026-01-31,7,August,2025-07-27,2025-08-23,2025-08-10,2025-08-16,29,Friday,6,20
2025-08-16,2025 - 26,2025 - 26 - AW,2025 - 26 - H2,2025 - 26 - Q3,2025 - 26 - Aug,202507,2025 - 26 - W29,202529,2025-01-26,2026-01-31,7,August,2025-07-27,2025-08-23,2025-08-10,2025-08-16,29,Saturday,7,21
2025-08-17,2025 - 26,2025 - 26 - AW,2025 - 26 - H2,2025 - 26 - Q3,2025 - 26 - Aug,202507,2025 - 26 - W30,202530,2025-01-26,2026-01-31,7,August,2025-07-27,2025-08-23,2025-08-17,2025-08-23,30,Sunday,1,22
2025-08-18,2025 - 26,2025 - 26 - AW,2025 - 26 - H2,2025 - 26 - Q3,2025 - 26 - Aug,202507,2025 - 26 - W30,202530,2025-01-26,2026-01-31,7,August,2025-07-27,2025-08-23,2025-08-17,2025-08-23,30,Monday,2,23
2025-08-19,2025 - 26,2025 - 26 - AW,2025 - 26 - H2,2025 - 26 - Q3,2025 - 26 - Aug,202507,2025 - 26 - W30,202530,2025-01-26,2026-01-31,7,August,2025-07-27,2025-08-23,2025-08-17,2025-08-23,30,Tuesday,3,24
2025-08-20,2025 - 26,2025 - 26 - AW,2025 - 26 - H2,2025 - 26 - Q3,2025 - 26 - Aug,202507,2025 - 26 - W30,202530,2025-01-26,2026-01-31,7,August,2025-07-27,2025-08-23,2025-08-17,2025-08-23,30,Wednesday,4,25
2025-08-21,2025 - 26,2025 - 26 - AW,2025 - 26 - H2,2025 - 26 - Q3,2025 - 26 - Aug,202507,2025 - 26 - W30,202530,2025-01-26,2026-01-31,7,August,2025-07-27,2025-08-23,2025-08-17,2025-08-23,30,Thursday,5,26
2025-08-22,2025 - 26,2025 - 26 - AW,2025 - 26 - H2,2025 - 26 - Q3,2025 - 26 - Aug,202507,2025 - 26 - W30,202530,2025-01-26,2026-01-31,7,August,2025-07-27,2025-08-23,2025-08-17,2025-08-23,30,Friday,6,27
2025-08-23,2025 - 26,2025 - 26 - AW,2025 - 26 - H2,2025 - 26 - Q3,2025 - 26 - Aug,202507,2025 - 26 - W30,202530,2025-01-26,2026-01-31,7,August,2025-07-27,2025-08-23,2025-08-17,2025-08-23,30,Saturday,7,28
2025-08-24,2025 - 26,2025 - 26 - AW,2025 - 26 - H2,2025 - 26 - Q3,2025 - 26 - Sep,202508,2025 - 26 - W31,202531,2025-01-26,2026-01-31,8,September,2025-08-24,2025-09-27,2025-08-24,2025-08-30,31,Sunday,1,1
2025-08-25,2025 - 26,2025 - 26 - AW,2025 - 26 - H2,2025 - 26 - Q3,2025 - 26 - Sep,202508,2025 - 26 - W31,202531,2025-01-26,2026-01-31,8,September,2025-08-24,2025-09-27,2025-08-24,2025-08-30,31,Monday,2,2
2025-08-26,2025 - 26,2025 - 26 - AW,2025 - 26 - H2,2025 - 26 - Q3,2025 - 26 - Sep,202508,2025 - 26 - W31,202531,2025-01-26,2026-01-31,8,September,2025-08-24,2025-09-27,2025-08-24,2025-08-30,31,Tuesday,3,3
2025-08-27,2025 - 26,2025 - 26 - AW,2025 - 26 - H2,2025 - 26 - Q3,2025 - 26 - Sep,202508,2025 - 26 - W31,202531,2025-01-26,2026-01-31,8,September,2025-08-24,2025-09-27,2025-08-24,2025-08-30,31,Wednesday,4,4
2025-08-28,2025 - 26,2025 - 26 - AW,2025 - 26 - H2,2025 - 26 - Q3,2025 - 26 - Sep,202508,2025 - 26 - W31,202531,2025-01-26,2026-01-31,8,September,2025-08-24,2025-09-27,2025-08-24,2025-08-30,31,Thursday,5,5
2025-08-29,2025 - 26,2025 - 26 - AW,2025 - 26 - H2,2025 - 26 - Q3,2025 - 26 - Sep,202508,2025 - 26 - W31,202531,2025-01-26,2026-01-31,8,September,2025-08-24,2025-09-27,2025-08-24,2025-08-30,31,Friday,6,6
2025-08-30,2025 - 26,2025 - 26 - AW,2025 - 26 - H2,2025 - 26 - Q3,2025 - 26 - Sep,202508,2025 - 26 - W31,202531,2025-01-26,2026-01-31,8,September,2025-08-24,2025-09-27,2025-08-24,2025-08-30,31,Saturday,7,7
2025-08-31,2025 - 26,2025 - 26 - AW,2025 - 26 - H2,2025 - 26 - Q3,2025 - 26 - Sep,202508,2025 - 26 - W32,202532,2025-01-26,2026-01-31,8,September,2025-08-24,2025-09-27,2025-08-31,2025-09-06,32,Sunday,1,8
2025-09-01,2025 - 26,2025 - 26 - AW,2025 - 26 - H2,2025 - 26 - Q3,2025 - 26 - Sep,202508,2025 - 26 - W32,202532,2025-01-26,2026-01-31,8,September,2025-08-24,2025-09-27,2025-08-31,2025-09-06,32,Monday,2,9
2025-09-02,2025 - 26,2025 - 26 - AW,2025 - 26 - H2,2025 - 26 - Q3,2025 - 26 - Sep,202508,2025 - 26 - W32,202532,2025-01-26,2026-01-31,8,September,2025-08-24,2025-09-27,2025-08-31,2025-09-06,32,Tuesday,3,10
2025-09-03,2025 - 26,2025 - 26 - AW,2025 - 26 - H2,2025 - 26 - Q3,2025 - 26 - Sep,202508,2025 - 26 - W32,202532,2025-01-26,2026-01-31,8,September,2025-08-24,2025-09-27,2025-08-31,2025-09-06,32,Wednesday,4,11
2025-09-04,2025 - 26,2025 - 26 - AW,2025 - 26 - H2,2025 - 26 - Q3,2025 - 26 - Sep,202508,2025 - 26 - W32,202532,2025-01-26,2026-01-31,8,September,2025-08-24,2025-09-27,2025-08-31,2025-09-06,32,Thursday,5,12
2025-09-05,2025 - 26,2025 - 26 - AW,2025 - 26 - H2,2025 - 26 - Q3,2025 - 26 - Sep,202508,2025 - 26 - W32,202532,2025-01-26,2026-01-31,8,September,2025-08-24,2025-09-27,2025-08-31,2025-09-06,32,Friday,6,13
2025-09-06,2025 - 26,2025 - 26 - AW,2025 - 26 - H2,2025 - 26 - Q3,2025 - 26 - Sep,202508,2025 - 26 - W32,202532,2025-01-26,2026-01-31,8,September,2025-08-24,2025-09-27,2025-08-31,2025-09-06,32,Saturday,7,14
2025-09-07,2025 - 26,2025 - 26 - AW,2025 - 26 - H2,2025 - 26 - Q3,2025 - 26 - Sep,202508,2025 - 26 - W33,202533,2025-01-26,2026-01-31,8,September,2025-08-24,2025-09-27,2025-09-07,2025-09-13,33,Sunday,1,15
2025-09-08,2025 - 26,2025 - 26 - AW,2025 - 26 - H2,2025 - 26 - Q3,2025 - 26 - Sep,202508,2025 - 26 - W33,202533,2025-01-26,2026-01-31,8,September,2025-08-24,2025-09-27,2025-09-07,2025-09-13,33,Monday,2,16
2025-09-09,2025 - 26,2025 - 26 - AW,2025 - 26 - H2,2025 - 26 - Q3,2025 - 26 - Sep,202508,2025 - 26 - W33,202533,2025-01-26,2026-01-31,8,September,2025-08-24,2025-09-27,2025-09-07,2025-09-13,33,Tuesday,3,17
2025-09-10,2025 - 26,2025 - 26 - AW,2025 - 26 - H2,2025 - 26 - Q3,2025 - 26 - Sep,202508,2025 - 26 - W33,202533,2025-01-26,2026-01-31,8,September,2025-08-24,2025-09-27,2025-09-07,2025-09-13,33,Wednesday,4,18
2025-09-11,2025 - 26,2025 - 26 - AW,2025 - 26 - H2,2025 - 26 - Q3,2025 - 26 - Sep,202508,2025 - 26 - W33,202533,2025-01-26,2026-01-31,8,September,2025-08-24,2025-09-27,2025-09-07,2025-09-13,33,Thursday,5,19
2025-09-12,2025 - 26,2025 - 26 - AW,2025 - 26 - H2,2025 - 26 - Q3,2025 - 26 - Sep,202508,2025 - 26 - W33,202533,2025-01-26,2026-01-31,8,September,2025-08-24,2025-09-27,2025-09-07,2025-09-13,33,Friday,6,20
2025-09-13,2025 - 26,2025 - 26 - AW,2025 - 26 - H2,2025 - 26 - Q3,2025 - 26 - Sep,202508,2025 - 26 - W33,202533,2025-01-26,2026-01-31,8,September,2025-08-24,2025-09-27,2025-09-07,2025-09-13,33,Saturday,7,21
2025-09-14,2025 - 26,2025 - 26 - AW,2025 - 26 - H2,2025 - 26 - Q3,2025 - 26 - Sep,202508,2025 - 26 - W34,202534,2025-01-26,2026-01-31,8,September,2025-08-24,2025-09-27,2025-09-14,2025-09-20,34,Sunday,1,22
2025-09-15,2025 - 26,2025 - 26 - AW,2025 - 26 - H2,2025 - 26 - Q3,2025 - 26 - Sep,202508,2025 - 26 - W34,202534,2025-01-26,2026-01-31,8,September,2025-08-24,2025-09-27,2025-09-14,2025-09-20,34,Monday,2,23
2025-09-16,2025 - 26,2025 - 26 - AW,2025 - 26 - H2,2025 - 26 - Q3,2025 - 26 - Sep,202508,2025 - 26 - W34,202534,2025-01-26,2026-01-31,8,September,2025-08-24,2025-09-27,2025-09-14,2025-09-20,34,Tuesday,3,24
2025-09-17,2025 - 26,2025 - 26 - AW,2025 - 26 - H2,2025 - 26 - Q3,2025 - 26 - Sep,202508,2025 - 26 - W34,202534,2025-01-26,2026-01-31,8,September,2025-08-24,2025-09-27,2025-09-14,2025-09-20,34,Wednesday,4,25
2025-09-18,2025 - 26,2025 - 26 - AW,2025 - 26 - H2,2025 - 26 - Q3,2025 - 26 - Sep,202508,2025 - 26 - W34,202534,2025-01-26,2026-01-31,8,September,2025-08-24,2025-09-27,2025-09-14,2025-09-20,34,Thursday,5,26
2025-09-19,2025 - 26,2025 - 26 - AW,2025 - 26 - H2,2025 - 26 - Q3,2025 - 26 - Sep,202508,2025 - 26 - W34,202534,2025-01-26,2026-01-31,8,September,2025-08-24,2025-09-27,2025-09-14,2025-09-20,34,Friday,6,27
2025-09-20,2025 - 26,2025 - 26 - AW,2025 - 26 - H2,2025 - 26 - Q3,2025 - 26 - Sep,202508,2025 - 26 - W34,202534,2025-01-26,2026-01-31,8,September,2025-08-24,2025-09-27,2025-09-14,2025-09-20,34,Saturday,7,28
2025-09-21,2025 - 26,2025 - 26 - AW,2025 - 26 - H2,2025 - 26 - Q3,2025 - 26 - Sep,202508,2025 - 26 - W35,202535,2025-01-26,2026-01-31,8,September,2025-08-24,2025-09-27,2025-09-21,2025-09-27,35,Sunday,1,29
2025-09-22,2025 - 26,2025 - 26 - AW,2025 - 26 - H2,2025 - 26 - Q3,2025 - 26 - Sep,202508,2025 - 26 - W35,202535,2025-01-26,2026-01-31,8,September,2025-08-24,2025-09-27,2025-09-21,2025-09-27,35,Monday,2,30
2025-09-23,2025 - 26,2025 - 26 - AW,2025 - 26 - H2,2025 - 26 - Q3,2025 - 26 - Sep,202508,2025 - 26 - W35,202535,2025-01-26,2026-01-31,8,September,2025-08-24,2025-09-27,2025-09-21,2025-09-27,35,Tuesday,3,31
2025-09-24,2025 - 26,2025 - 26 - AW,2025 - 26 - H2,2025 - 26 - Q3,2025 - 26 - Sep,202508,2025 - 26 - W35,202535,2025-01-26,2026-01-31,8,September,2025-08-24,2025-09-27,2025-09-21,2025-09-27,35,Wednesday,4,32
2025-09-25,2025 - 26,2025 - 26 - AW,2025 - 26 - H2,2025 - 26 - Q3,2025 - 26 - Sep,202508,2025 - 26 - W35,202535,2025-01-26,2026-01-31,8,September,2025-08-24,2025-09-27,2025-09-21,2025-09-27,35,Thursday,5,33
2025-09-26,2025 - 26,2025 - 26 - AW,2025 - 26 - H2,2025 - 26 - Q3,2025 - 26 - Sep,202508,2025 - 26 - W35,202535,2025-01-26,2026-01-31,8,September,2025-08-24,2025-09-27,2025-09-21,2025-09-27,35,Friday,6,34
2025-09-27,2025 - 26,2025 - 26 - AW,2025 - 26 - H2,2025 - 26 - Q3,2025 - 26 - Sep,202508,2025 - 26 - W35,202535,2025-01-26,2026-01-31,8,September,2025-08-24,2025-09-27,2025-09-21,2025-09-27,35,Saturday,7,35
2025-09-28,2025 - 26,2025 - 26 - AW,2025 - 26 - H2,2025 - 26 - Q3,2025 - 26 - Oct,202509,2025 - 26 - W36,202536,2025-01-26,2026-01-31,9,October,2025-09-28,2025-10-25,2025-09-28,2025-10-04,36,Sunday,1,1
2025-09-29,2025 - 26,2025 - 26 - AW,2025 - 26 - H2,2025 - 26 - Q3,2025 - 26 - Oct,202509,2025 - 26 - W36,202536,2025-01-26,2026-01-31,9,October,2025-09-28,2025-10-25,2025-09-28,2025-10-04,36,Monday,2,2
2025-09-30,2025 - 26,2025 - 26 - AW,2025 - 26 - H2,2025 - 26 - Q3,2025 - 26 - Oct,202509,2025 - 26 - W36,202536,2025-01-26,2026-01-31,9,October,2025-09-28,2025-10-25,2025-09-28,2025-10-04,36,Tuesday,3,3
2025-10-01,2025 - 26,2025 - 26 - AW,2025 - 26 - H2,2025 - 26 - Q3,2025 - 26 - Oct,202509,2025 - 26 - W36,202536,2025-01-26,2026-01-31,9,October,2025-09-28,2025-10-25,2025-09-28,2025-10-04,36,Wednesday,4,4
2025-10-02,2025 - 26,2025 - 26 - AW,2025 - 26 - H2,2025 - 26 - Q3,2025 - 26 - Oct,202509,2025 - 26 - W36,202536,2025-01-26,2026-01-31,9,October,2025-09-28,2025-10-25,2025-09-28,2025-10-04,36,Thursday,5,5
2025-10-03,2025 - 26,2025 - 26 - AW,2025 - 26 - H2,2025 - 26 - Q3,2025 - 26 - Oct,202509,2025 - 26 - W36,202536,2025-01-26,2026-01-31,9,October,2025-09-28,2025-10-25,2025-09-28,2025-10-04,36,Friday,6,6
2025-10-04,2025 - 26,2025 - 26 - AW,2025 - 26 - H2,2025 - 26 - Q3,2025 - 26 - Oct,202509,2025 - 26 - W36,202536,2025-01-26,2026-01-31,9,October,2025-09-28,2025-10-25,2025-09-28,2025-10-04,36,Saturday,7,7
2025-10-05,2025 - 26,2025 - 26 - AW,2025 - 26 - H2,2025 - 26 - Q3,2025 - 26 - Oct,202509,2025 - 26 - W37,202537,2025-01-26,2026-01-31,9,October,2025-09-28,2025-10-25,2025-10-05,2025-10-11,37,Sunday,1,8
2025-10-06,2025 - 26,2025 - 26 - AW,2025 - 26 - H2,2025 - 26 - Q3,2025 - 26 - Oct,202509,2025 - 26 - W37,202537,2025-01-26,2026-01-31,9,October,2025-09-28,2025-10-25,2025-10-05,2025-10-11,37,Monday,2,9
2025-10-07,2025 - 26,2025 - 26 - AW,2025 - 26 - H2,2025 - 26 - Q3,2025 - 26 - Oct,202509,2025 - 26 - W37,202537,2025-01-26,2026-01-31,9,October,2025-09-28,2025-10-25,2025-10-05,2025-10-11,37,Tuesday,3,10
2025-10-08,2025 - 26,2025 - 26 - AW,2025 - 26 - H2,2025 - 26 - Q3,2025 - 26 - Oct,202509,2025 - 26 - W37,202537,2025-01-26,2026-01-31,9,October,2025-09-28,2025-10-25,2025-10-05,2025-10-11,37,Wednesday,4,11
2025-10-09,2025 - 26,2025 - 26 - AW,2025 - 26 - H2,2025 - 26 - Q3,2025 - 26 - Oct,202509,2025 - 26 - W37,202537,2025-01-26,2026-01-31,9,October,2025-09-28,2025-10-25,2025-10-05,2025-10-11,37,Thursday,5,12
2025-10-10,2025 - 26,2025 - 26 - AW,2025 - 26 - H2,2025 - 26 - Q3,2025 - 26 - Oct,202509,2025 - 26 - W37,202537,2025-01-26,2026-01-31,9,October,2025-09-28,2025-10-25,2025-10-05,2025-10-11,37,Friday,6,13
2025-10-11,2025 - 26,2025 - 26 - AW,2025 - 26 - H2,2025 - 26 - Q3,2025 - 26 - Oct,202509,2025 - 26 - W37,202537,2025-01-26,2026-01-31,9,October,2025-09-28,2025-10-25,2025-10-05,2025-10-11,37,Saturday,7,14
2025-10-12,2025 - 26,2025 - 26 - AW,2025 - 26 - H2,2025 - 26 - Q3,2025 - 26 - Oct,202509,2025 - 26 - W38,202538,2025-01-26,2026-01-31,9,October,2025-09-28,2025-10-25,2025-10-12,2025-10-18,38,Sunday,1,15
2025-10-13,2025 - 26,2025 - 26 - AW,2025 - 26 - H2,2025 - 26 - Q3,2025 - 26 - Oct,202509,2025 - 26 - W38,202538,2025-01-26,2026-01-31,9,October,2025-09-28,2025-10-25,2025-10-12,2025-10-18,38,Monday,2,16
2025-10-14,2025 - 26,2025 - 26 - AW,2025 - 26 - H2,2025 - 26 - Q3,2025 - 26 - Oct,202509,2025 - 26 - W38,202538,2025-01-26,2026-01-31,9,October,2025-09-28,2025-10-25,2025-10-12,2025-10-18,38,Tuesday,3,17
2025-10-15,2025 - 26,2025 - 26 - AW,2025 - 26 - H2,2025 - 26 - Q3,2025 - 26 - Oct,202509,2025 - 26 - W38,202538,2025-01-26,2026-01-31,9,October,2025-09-28,2025-10-25,2025-10-12,2025-10-18,38,Wednesday,4,18
2025-10-16,2025 - 26,2025 - 26 - AW,2025 - 26 - H2,2025 - 26 - Q3,2025 - 26 - Oct,202509,2025 - 26 - W38,202538,2025-01-26,2026-01-31,9,October,2025-09-28,2025-10-25,2025-10-12,2025-10-18,38,Thursday,5,19
2025-10-17,2025 - 26,2025 - 26 - AW,2025 - 26 - H2,2025 - 26 - Q3,2025 - 26 - Oct,202509,2025 - 26 - W38,202538,2025-01-26,2026-01-31,9,October,2025-09-28,2025-10-25,2025-10-12,2025-10-18,38,Friday,6,20
2025-10-18,2025 - 26,2025 - 26 - AW,2025 - 26 - H2,2025 - 26 - Q3,2025 - 26 - Oct,202509,2025 - 26 - W38,202538,2025-01-26,2026-01-31,9,October,2025-09-28,2025-10-25,2025-10-12,2025-10-18,38,Saturday,7,21
2025-10-19,2025 - 26,2025 - 26 - AW,2025 - 26 - H2,2025 - 26 - Q3,2025 - 26 - Oct,202509,2025 - 26 - W39,202539,2025-01-26,2026-01-31,9,October,2025-09-28,2025-10-25,2025-10-19,2025-10-25,39,Sunday,1,22
2025-10-20,2025 - 26,2025 - 26 - AW,2025 - 26 - H2,2025 - 26 - Q3,2025 - 26 - Oct,202509,2025 - 26 - W39,202539,2025-01-26,2026-01-31,9,October,2025-09-28,2025-10-25,2025-10-19,2025-10-25,39,Monday,2,23
2025-10-21,2025 - 26,2025 - 26 - AW,2025 - 26 - H2,2025 - 26 - Q3,2025 - 26 - Oct,202509,2025 - 26 - W39,202539,2025-01-26,2026-01-31,9,October,2025-09-28,2025-10-25,2025-10-19,2025-10-25,39,Tuesday,3,24
2025-10-22,2025 - 26,2025 - 26 - AW,2025 - 26 - H2,2025 - 26 - Q3,2025 - 26 - Oct,202509,2025 - 26 - W39,202539,2025-01-26,2026-01-31,9,October,2025-09-28,2025-10-25,2025-10-19,2025-10-25,39,Wednesday,4,25
2025-10-23,2025 - 26,2025 - 26 - AW,2025 - 26 - H2,2025 - 26 - Q3,2025 - 26 - Oct,202509,2025 - 26 - W39,202539,2025-01-26,2026-01-31,9,October,2025-09-28,2025-10-25,2025-10-19,2025-10-25,39,Thursday,5,26
2025-10-24,2025 - 26,2025 - 26 - AW,2025 - 26 - H2,2025 - 26 - Q3,2025 - 26 - Oct,202509,2025 - 26 - W39,202539,2025-01-26,2026-01-31,9,October,2025-09-28,2025-10-25,2025-10-19,2025-10-25,39,Friday,6,27
2025-10-25,2025 - 26,2025 - 26 - AW,2025 - 26 - H2,2025 - 26 - Q3,2025 - 26 - Oct,202509,2025 - 26 - W39,202539,2025-01-26,2026-01-31,9,October,2025-09-28,2025-10-25,2025-10-19,2025-10-25,39,Saturday,7,28
2025-10-26,2025 - 26,2025 - 26 - AW,2025 - 26 - H2,2025 - 26 - Q4,2025 - 26 - Nov,202510,2025 - 26 - W40,202540,2025-01-26,2026-01-31,10,November,2025-10-26,2025-11-22,2025-10-26,2025-11-01,40,Sunday,1,1
2025-10-27,2025 - 26,2025 - 26 - AW,2025 - 26 - H2,2025 - 26 - Q4,2025 - 26 - Nov,202510,2025 - 26 - W40,202540,2025-01-26,2026-01-31,10,November,2025-10-26,2025-11-22,2025-10-26,2025-11-01,40,Monday,2,2
2025-10-28,2025 - 26,2025 - 26 - AW,2025 - 26 - H2,2025 - 26 - Q4,2025 - 26 - Nov,202510,2025 - 26 - W40,202540,2025-01-26,2026-01-31,10,November,2025-10-26,2025-11-22,2025-10-26,2025-11-01,40,Tuesday,3,3
2025-10-29,2025 - 26,2025 - 26 - AW,2025 - 26 - H2,2025 - 26 - Q4,2025 - 26 - Nov,202510,2025 - 26 - W40,202540,2025-01-26,2026-01-31,10,November,2025-10-26,2025-11-22,2025-10-26,2025-11-01,40,Wednesday,4,4
2025-10-30,2025 - 26,2025 - 26 - AW,2025 - 26 - H2,2025 - 26 - Q4,2025 - 26 - Nov,202510,2025 - 26 - W40,202540,2025-01-26,2026-01-31,10,November,2025-10-26,2025-11-22,2025-10-26,2025-11-01,40,Thursday,5,5
2025-10-31,2025 - 26,2025 - 26 - AW,2025 - 26 - H2,2025 - 26 - Q4,2025 - 26 - Nov,202510,2025 - 26 - W40,202540,2025-01-26,2026-01-31,10,November,2025-10-26,2025-11-22,2025-10-26,2025-11-01,40,Friday,6,6
2025-11-01,2025 - 26,2025 - 26 - AW,2025 - 26 - H2,2025 - 26 - Q4,2025 - 26 - Nov,202510,2025 - 26 - W40,202540,2025-01-26,2026-01-31,10,November,2025-10-26,2025-11-22,2025-10-26,2025-11-01,40,Saturday,7,7
2025-11-02,2025 - 26,2025 - 26 - AW,2025 - 26 - H2,2025 - 26 - Q4,2025 - 26 - Nov,202510,2025 - 26 - W41,202541,2025-01-26,2026-01-31,10,November,2025-10-26,2025-11-22,2025-11-02,2025-11-08,41,Sunday,1,8
2025-11-03,2025 - 26,2025 - 26 - AW,2025 - 26 - H2,2025 - 26 - Q4,2025 - 26 - Nov,202510,2025 - 26 - W41,202541,2025-01-26,2026-01-31,10,November,2025-10-26,2025-11-22,2025-11-02,2025-11-08,41,Monday,2,9
2025-11-04,2025 - 26,2025 - 26 - AW,2025 - 26 - H2,2025 - 26 - Q4,2025 - 26 - Nov,202510,2025 - 26 - W41,202541,2025-01-26,2026-01-31,10,November,2025-10-26,2025-11-22,2025-11-02,2025-11-08,41,Tuesday,3,10
2025-11-05,2025 - 26,2025 - 26 - AW,2025 - 26 - H2,2025 - 26 - Q4,2025 - 26 - Nov,202510,2025 - 26 - W41,202541,2025-01-26,2026-01-31,10,November,2025-10-26,2025-11-22,2025-11-02,2025-11-08,41,Wednesday,4,11
2025-11-06,2025 - 26,2025 - 26 - AW,2025 - 26 - H2,2025 - 26 - Q4,2025 - 26 - Nov,202510,2025 - 26 - W41,202541,2025-01-26,2026-01-31,10,November,2025-10-26,2025-11-22,2025-11-02,2025-11-08,41,Thursday,5,12
2025-11-07,2025 - 26,2025 - 26 - AW,2025 - 26 - H2,2025 - 26 - Q4,2025 - 26 - Nov,202510,2025 - 26 - W41,202541,2025-01-26,2026-01-31,10,November,2025-10-26,2025-11-22,2025-11-02,2025-11-08,41,Friday,6,13
2025-11-08,2025 - 26,2025 - 26 - AW,2025 - 26 - H2,2025 - 26 - Q4,2025 - 26 - Nov,202510,2025 - 26 - W41,202541,2025-01-26,2026-01-31,10,November,2025-10-26,2025-11-22,2025-11-02,2025-11-08,41,Saturday,7,14
2025-11-09,2025 - 26,2025 - 26 - AW,2025 - 26 - H2,2025 - 26 - Q4,2025 - 26 - Nov,202510,2025 - 26 - W42,202542,2025-01-26,2026-01-31,10,November,2025-10-26,2025-11-22,2025-11-09,2025-11-15,42,Sunday,1,15
2025-11-10,2025 - 26,2025 - 26 - AW,2025 - 26 - H2,2025 - 26 - Q4,2025 - 26 - Nov,202510,2025 - 26 - W42,202542,2025-01-26,2026-01-31,10,November,2025-10-26,2025-11-22,2025-11-09,2025-11-15,42,Monday,2,16
2025-11-11,2025 - 26,2025 - 26 - AW,2025 - 26 - H2,2025 - 26 - Q4,2025 - 26 - Nov,202510,2025 - 26 - W42,202542,2025-01-26,2026-01-31,10,November,2025-10-26,2025-11-22,2025-11-09,2025-11-15,42,Tuesday,3,17
2025-11-12,2025 - 26,2025 - 26 - AW,2025 - 26 - H2,2025 - 26 - Q4,2025 - 26 - Nov,202510,2025 - 26 - W42,202542,2025-01-26,2026-01-31,10,November,2025-10-26,2025-11-22,2025-11-09,2025-11-15,42,Wednesday,4,18
2025-11-13,2025 - 26,2025 - 26 - AW,2025 - 26 - H2,2025 - 26 - Q4,2025 - 26 - Nov,202510,2025 - 26 - W42,202542,2025-01-26,2026-01-31,10,November,2025-10-26,2025-11-22,2025-11-09,2025-11-15,42,Thursday,5,19
2025-11-14,2025 - 26,2025 - 26 - AW,2025 - 26 - H2,2025 - 26 - Q4,2025 - 26 - Nov,202510,2025 - 26 - W42,202542,2025-01-26,2026-01-31,10,November,2025-10-26,2025-11-22,2025-11-09,2025-11-15,42,Friday,6,20
2025-11-15,2025 - 26,2025 - 26 - AW,2025 - 26 - H2,2025 - 26 - Q4,2025 - 26 - Nov,202510,2025 - 26 - W42,202542,2025-01-26,2026-01-31,10,November,2025-10-26,2025-11-22,2025-11-09,2025-11-15,42,Saturday,7,21
2025-11-16,2025 - 26,2025 - 26 - AW,2025 - 26 - H2,2025 - 26 - Q4,2025 - 26 - Nov,202510,2025 - 26 - W43,202543,2025-01-26,2026-01-31,10,November,2025-10-26,2025-11-22,2025-11-16,2025-11-22,43,Sunday,1,22
2025-11-17,2025 - 26,2025 - 26 - AW,2025 - 26 - H2,2025 - 26 - Q4,2025 - 26 - Nov,202510,2025 - 26 - W43,202543,2025-01-26,2026-01-31,10,November,2025-10-26,2025-11-22,2025-11-16,2025-11-22,43,Monday,2,23
2025-11-18,2025 - 26,2025 - 26 - AW,2025 - 26 - H2,2025 - 26 - Q4,2025 - 26 - Nov,202510,2025 - 26 - W43,202543,2025-01-26,2026-01-31,10,November,2025-10-26,2025-11-22,2025-11-16,2025-11-22,43,Tuesday,3,24
2025-11-19,2025 - 26,2025 - 26 - AW,2025 - 26 - H2,2025 - 26 - Q4,2025 - 26 - Nov,202510,2025 - 26 - W43,202543,2025-01-26,2026-01-31,10,November,2025-10-26,2025-11-22,2025-11-16,2025-11-22,43,Wednesday,4,25
2025-11-20,2025 - 26,2025 - 26 - AW,2025 - 26 - H2,2025 - 26 - Q4,2025 - 26 - Nov,202510,2025 - 26 - W43,202543,2025-01-26,2026-01-31,10,November,2025-10-26,2025-11-22,2025-11-16,2025-11-22,43,Thursday,5,26
2025-11-21,2025 - 26,2025 - 26 - AW,2025 - 26 - H2,2025 - 26 - Q4,2025 - 26 - Nov,202510,2025 - 26 - W43,202543,2025-01-26,2026-01-31,10,November,2025-10-26,2025-11-22,2025-11-16,2025-11-22,43,Friday,6,27
2025-11-22,2025 - 26,2025 - 26 - AW,2025 - 26 - H2,2025 - 26 - Q4,2025 - 26 - Nov,202510,2025 - 26 - W43,202543,2025-01-26,2026-01-31,10,November,2025-10-26,2025-11-22,2025-11-16,2025-11-22,43,Saturday,7,28
2025-11-23,2025 - 26,2025 - 26 - AW,2025 - 26 - H2,2025 - 26 - Q4,2025 - 26 - Dec,202511,2025 - 26 - W44,202544,2025-01-26,2026-01-31,11,December,2025-11-23,2025-12-27,2025-11-23,2025-11-29,44,Sunday,1,1
2025-11-24,2025 - 26,2025 - 26 - AW,2025 - 26 - H2,2025 - 26 - Q4,2025 - 26 - Dec,202511,2025 - 26 - W44,202544,2025-01-26,2026-01-31,11,December,2025-11-23,2025-12-27,2025-11-23,2025-11-29,44,Monday,2,2
2025-11-25,2025 - 26,2025 - 26 - AW,2025 - 26 - H2,2025 - 26 - Q4,2025 - 26 - Dec,202511,2025 - 26 - W44,202544,2025-01-26,2026-01-31,11,December,2025-11-23,2025-12-27,2025-11-23,2025-11-29,44,Tuesday,3,3
2025-11-26,2025 - 26,2025 - 26 - AW,2025 - 26 - H2,2025 - 26 - Q4,2025 - 26 - Dec,202511,2025 - 26 - W44,202544,2025-01-26,2026-01-31,11,December,2025-11-23,2025-12-27,2025-11-23,2025-11-29,44,Wednesday,4,4
2025-11-27,2025 - 26,2025 - 26 - AW,2025 - 26 - H2,2025 - 26 - Q4,2025 - 26 - Dec,202511,2025 - 26 - W44,202544,2025-01-26,2026-01-31,11,December,2025-11-23,2025-12-27,2025-11-23,2025-11-29,44,Thursday,5,5
2025-11-28,2025 - 26,2025 - 26 - AW,2025 - 26 - H2,2025 - 26 - Q4,2025 - 26 - Dec,202511,2025 - 26 - W44,202544,2025-01-26,2026-01-31,11,December,2025-11-23,2025-12-27,2025-11-23,2025-11-29,44,Friday,6,6
2025-11-29,2025 - 26,2025 - 26 - AW,2025 - 26 - H2,2025 - 26 - Q4,2025 - 26 - Dec,202511,2025 - 26 - W44,202544,2025-01-26,2026-01-31,11,December,2025-11-23,2025-12-27,2025-11-23,2025-11-29,44,Saturday,7,7
2025-11-30,2025 - 26,2025 - 26 - AW,2025 - 26 - H2,2025 - 26 - Q4,2025 - 26 - Dec,202511,2025 - 26 - W45,202545,2025-01-26,2026-01-31,11,December,2025-11-23,2025-12-27,2025-11-30,2025-12-06,45,Sunday,1,8
2025-12-01,2025 - 26,2025 - 26 - AW,2025 - 26 - H2,2025 - 26 - Q4,2025 - 26 - Dec,202511,2025 - 26 - W45,202545,2025-01-26,2026-01-31,11,December,2025-11-23,2025-12-27,2025-11-30,2025-12-06,45,Monday,2,9
2025-12-02,2025 - 26,2025 - 26 - AW,2025 - 26 - H2,2025 - 26 - Q4,2025 - 26 - Dec,202511,2025 - 26 - W45,202545,2025-01-26,2026-01-31,11,December,2025-11-23,2025-12-27,2025-11-30,2025-12-06,45,Tuesday,3,10
2025-12-03,2025 - 26,2025 - 26 - AW,2025 - 26 - H2,2025 - 26 - Q4,2025 - 26 - Dec,202511,2025 - 26 - W45,202545,2025-01-26,2026-01-31,11,December,2025-11-23,2025-12-27,2025-11-30,2025-12-06,45,Wednesday,4,11
2025-12-04,2025 - 26,2025 - 26 - AW,2025 - 26 - H2,2025 - 26 - Q4,2025 - 26 - Dec,202511,2025 - 26 - W45,202545,2025-01-26,2026-01-31,11,December,2025-11-23,2025-12-27,2025-11-30,2025-12-06,45,Thursday,5,12
2025-12-05,2025 - 26,2025 - 26 - AW,2025 - 26 - H2,2025 - 26 - Q4,2025 - 26 - Dec,202511,2025 - 26 - W45,202545,2025-01-26,2026-01-31,11,December,2025-11-23,2025-12-27,2025-11-30,2025-12-06,45,Friday,6,13
2025-12-06,2025 - 26,2025 - 26 - AW,2025 - 26 - H2,2025 - 26 - Q4,2025 - 26 - Dec,202511,2025 - 26 - W45,202545,2025-01-26,2026-01-31,11,December,2025-11-23,2025-12-27,2025-11-30,2025-12-06,45,Saturday,7,14
2025-12-07,2025 - 26,2025 - 26 - AW,2025 - 26 - H2,2025 - 26 - Q4,2025 - 26 - Dec,202511,2025 - 26 - W46,202546,2025-01-26,2026-01-31,11,December,2025-11-23,2025-12-27,2025-12-07,2025-12-13,46,Sunday,1,15
2025-12-08,2025 - 26,2025 - 26 - AW,2025 - 26 - H2,2025 - 26 - Q4,2025 - 26 - Dec,202511,2025 - 26 - W46,202546,2025-01-26,2026-01-31,11,December,2025-11-23,2025-12-27,2025-12-07,2025-12-13,46,Monday,2,16
2025-12-09,2025 - 26,2025 - 26 - AW,2025 - 26 - H2,2025 - 26 - Q4,2025 - 26 - Dec,202511,2025 - 26 - W46,202546,2025-01-26,2026-01-31,11,December,2025-11-23,2025-12-27,2025-12-07,2025-12-13,46,Tuesday,3,17
2025-12-10,2025 - 26,2025 - 26 - AW,2025 - 26 - H2,2025 - 26 - Q4,2025 - 26 - Dec,202511,2025 - 26 - W46,202546,2025-01-26,2026-01-31,11,December,2025-11-23,2025-12-27,2025-12-07,2025-12-13,46,Wednesday,4,18
2025-12-11,2025 - 26,2025 - 26 - AW,2025 - 26 - H2,2025 - 26 - Q4,2025 - 26 - Dec,202511,2025 - 26 - W46,202546,2025-01-26,2026-01-31,11,December,2025-11-23,2025-12-27,2025-12-07,2025-12-13,46,Thursday,5,19
2025-12-12,2025 - 26,2025 - 26 - AW,2025 - 26 - H2,2025 - 26 - Q4,2025 - 26 - Dec,202511,2025 - 26 - W46,202546,2025-01-26,2026-01-31,11,December,2025-11-23,2025-12-27,2025-12-07,2025-12-13,46,Friday,6,20
2025-12-13,2025 - 26,2025 - 26 - AW,2025 - 26 - H2,2025 - 26 - Q4,2025 - 26 - Dec,202511,2025 - 26 - W46,202546,2025-01-26,2026-01-31,11,December,2025-11-23,2025-12-27,2025-12-07,2025-12-13,46,Saturday,7,21
2025-12-14,2025 - 26,2025 - 26 - AW,2025 - 26 - H2,2025 - 26 - Q4,2025 - 26 - Dec,202511,2025 - 26 - W47,202547,2025-01-26,2026-01-31,11,December,2025-11-23,2025-12-27,2025-12-14,2025-12-20,47,Sunday,1,22
2025-12-15,2025 - 26,2025 - 26 - AW,2025 - 26 - H2,2025 - 26 - Q4,2025 - 26 - Dec,202511,2025 - 26 - W47,202547,2025-01-26,2026-01-31,11,December,2025-11-23,2025-12-27,2025-12-14,2025-12-20,47,Monday,2,23
2025-12-16,2025 - 26,2025 - 26 - AW,2025 - 26 - H2,2025 - 26 - Q4,2025 - 26 - Dec,202511,2025 - 26 - W47,202547,2025-01-26,2026-01-31,11,December,2025-11-23,2025-12-27,2025-12-14,2025-12-20,47,Tuesday,3,24
2025-12-17,2025 - 26,2025 - 26 - AW,2025 - 26 - H2,2025 - 26 - Q4,2025 - 26 - Dec,202511,2025 - 26 - W47,202547,2025-01-26,2026-01-31,11,December,2025-11-23,2025-12-27,2025-12-14,2025-12-20,47,Wednesday,4,25
2025-12-18,2025 - 26,2025 - 26 - AW,2025 - 26 - H2,2025 - 26 - Q4,2025 - 26 - Dec,202511,2025 - 26 - W47,202547,2025-01-26,2026-01-31,11,December,2025-11-23,2025-12-27,2025-12-14,2025-12-20,47,Thursday,5,26
2025-12-19,2025 - 26,2025 - 26 - AW,2025 - 26 - H2,2025 - 26 - Q4,2025 - 26 - Dec,202511,2025 - 26 - W47,202547,2025-01-26,2026-01-31,11,December,2025-11-23,2025-12-27,2025-12-14,2025-12-20,47,Friday,6,27
2025-12-20,2025 - 26,2025 - 26 - AW,2025 - 26 - H2,2025 - 26 - Q4,2025 - 26 - Dec,202511,2025 - 26 - W47,202547,2025-01-26,2026-01-31,11,December,2025-11-23,2025-12-27,2025-12-14,2025-12-20,47,Saturday,7,28
2025-12-21,2025 - 26,2025 - 26 - AW,2025 - 26 - H2,2025 - 26 - Q4,2025 - 26 - Dec,202511,2025 - 26 - W48,202548,2025-01-26,2026-01-31,11,December,2025-11-23,2025-12-27,2025-12-21,2025-12-27,48,Sunday,1,29
2025-12-22,2025 - 26,2025 - 26 - AW,2025 - 26 - H2,2025 - 26 - Q4,2025 - 26 - Dec,202511,2025 - 26 - W48,202548,2025-01-26,2026-01-31,11,December,2025-11-23,2025-12-27,2025-12-21,2025-12-27,48,Monday,2,30
2025-12-23,2025 - 26,2025 - 26 - AW,2025 - 26 - H2,2025 - 26 - Q4,2025 - 26 - Dec,202511,2025 - 26 - W48,202548,2025-01-26,2026-01-31,11,December,2025-11-23,2025-12-27,2025-12-21,2025-12-27,48,Tuesday,3,31
2025-12-24,2025 - 26,2025 - 26 - AW,2025 - 26 - H2,2025 - 26 - Q4,2025 - 26 - Dec,202511,2025 - 26 - W48,202548,2025-01-26,2026-01-31,11,December,2025-11-23,2025-12-27,2025-12-21,2025-12-27,48,Wednesday,4,32
2025-12-25,2025 - 26,2025 - 26 - AW,2025 - 26 - H2,2025 - 26 - Q4,2025 - 26 - Dec,202511,2025 - 26 - W48,202548,2025-01-26,2026-01-31,11,December,2025-11-23,2025-12-27,2025-12-21,2025-12-27,48,Thursday,5,33
2025-12-26,2025 - 26,2025 - 26 - AW,2025 - 26 - H2,2025 - 26 - Q4,2025 - 26 - Dec,202511,2025 - 26 - W48,202548,2025-01-26,2026-01-31,11,December,2025-11-23,2025-12-27,2025-12-21,2025-12-27,48,Friday,6,34
2025-12-27,2025 - 26,2025 - 26 - AW,2025 - 26 - H2,2025 - 26 - Q4,2025 - 26 - Dec,202511,2025 - 26 - W48,202548,2025-01-26,2026-01-31,11,December,2025-11-23,2025-12-27,2025-12-21,2025-12-27,48,Saturday,7,35
2025-12-28,2025 - 26,2025 - 26 - AW,2025 - 26 - H2,2025 - 26 - Q4,2025 - 26 - Jan,202512,2025 - 26 - W49,202549,2025-01-26,2026-01-31,12,January,2025-12-28,2026-01-31,2025-12-28,2026-01-03,49,Sunday,1,1
2025-12-29,2025 - 26,2025 - 26 - AW,2025 - 26 - H2,2025 - 26 - Q4,2025 - 26 - Jan,202512,2025 - 26 - W49,202549,2025-01-26,2026-01-31,12,January,2025-12-28,2026-01-31,2025-12-28,2026-01-03,49,Monday,2,2
2025-12-30,2025 - 26,2025 - 26 - AW,2025 - 26 - H2,2025 - 26 - Q4,2025 - 26 - Jan,202512,2025 - 26 - W49,202549,2025-01-26,2026-01-31,12,January,2025-12-28,2026-01-31,2025-12-28,2026-01-03,49,Tuesday,3,3
2025-12-31,2025 - 26,2025 - 26 - AW,2025 - 26 - H2,2025 - 26 - Q4,2025 - 26 - Jan,202512,2025 - 26 - W49,202549,2025-01-26,2026-01-31,12,January,2025-12-28,2026-01-31,2025-12-28,2026-01-03,49,Wednesday,4,4
2026-01-01,2025 - 26,2025 - 26 - AW,2025 - 26 - H2,2025 - 26 - Q4,2025 - 26 - Jan,202512,2025 - 26 - W49,202549,2025-01-26,2026-01-31,12,January,2025-12-28,2026-01-31,2025-12-28,2026-01-03,49,Thursday,5,5
2026-01-02,2025 - 26,2025 - 26 - AW,2025 - 26 - H2,2025 - 26 - Q4,2025 - 26 - Jan,202512,2025 - 26 - W49,202549,2025-01-26,2026-01-31,12,January,2025-12-28,2026-01-31,2025-12-28,2026-01-03,49,Friday,6,6
2026-01-03,2025 - 26,2025 - 26 - AW,2025 - 26 - H2,2025 - 26 - Q4,2025 - 26 - Jan,202512,2025 - 26 - W49,202549,2025-01-26,2026-01-31,12,January,2025-12-28,2026-01-31,2025-12-28,2026-01-03,49,Saturday,7,7
2026-01-04,2025 - 26,2025 - 26 - AW,2025 - 26 - H2,2025 - 26 - Q4,2025 - 26 - Jan,202512,2025 - 26 - W50,202550,2025-01-26,2026-01-31,12,January,2025-12-28,2026-01-31,2026-01-04,2026-01-10,50,Sunday,1,8
2026-01-05,2025 - 26,2025 - 26 - AW,2025 - 26 - H2,2025 - 26 - Q4,2025 - 26 - Jan,202512,2025 - 26 - W50,202550,2025-01-26,2026-01-31,12,January,2025-12-28,2026-01-31,2026-01-04,2026-01-10,50,Monday,2,9
2026-01-06,2025 - 26,2025 - 26 - AW,2025 - 26 - H2,2025 - 26 - Q4,2025 - 26 - Jan,202512,2025 - 26 - W50,202550,2025-01-26,2026-01-31,12,January,2025-12-28,2026-01-31,2026-01-04,2026-01-10,50,Tuesday,3,10
2026-01-07,2025 - 26,2025 - 26 - AW,2025 - 26 - H2,2025 - 26 - Q4,2025 - 26 - Jan,202512,2025 - 26 - W50,202550,2025-01-26,2026-01-31,12,January,2025-12-28,2026-01-31,2026-01-04,2026-01-10,50,Wednesday,4,11
2026-01-08,2025 - 26,2025 - 26 - AW,2025 - 26 - H2,2025 - 26 - Q4,2025 - 26 - Jan,202512,2025 - 26 - W50,202550,2025-01-26,2026-01-31,12,January,2025-12-28,2026-01-31,2026-01-04,2026-01-10,50,Thursday,5,12
2026-01-09,2025 - 26,2025 - 26 - AW,2025 - 26 - H2,2025 - 26 - Q4,2025 - 26 - Jan,202512,2025 - 26 - W50,202550,2025-01-26,2026-01-31,12,January,2025-12-28,2026-01-31,2026-01-04,2026-01-10,50,Friday,6,13
2026-01-10,2025 - 26,2025 - 26 - AW,2025 - 26 - H2,2025 - 26 - Q4,2025 - 26 - Jan,202512,2025 - 26 - W50,202550,2025-01-26,2026-01-31,12,January,2025-12-28,2026-01-31,2026-01-04,2026-01-10,50,Saturday,7,14
2026-01-11,2025 - 26,2025 - 26 - AW,2025 - 26 - H2,2025 - 26 - Q4,2025 - 26 - Jan,202512,2025 - 26 - W51,202551,2025-01-26,2026-01-31,12,January,2025-12-28,2026-01-31,2026-01-11,2026-01-17,51,Sunday,1,15
2026-01-12,2025 - 26,2025 - 26 - AW,2025 - 26 - H2,2025 - 26 - Q4,2025 - 26 - Jan,202512,2025 - 26 - W51,202551,2025-01-26,2026-01-31,12,January,2025-12-28,2026-01-31,2026-01-11,2026-01-17,51,Monday,2,16
2026-01-13,2025 - 26,2025 - 26 - AW,2025 - 26 - H2,2025 - 26 - Q4,2025 - 26 - Jan,202512,2025 - 26 - W51,202551,2025-01-26,2026-01-31,12,January,2025-12-28,2026-01-31,2026-01-11,2026-01-17,51,Tuesday,3,17
2026-01-14,2025 - 26,2025 - 26 - AW,2025 - 26 - H2,2025 - 26 - Q4,2025 - 26 - Jan,202512,2025 - 26 - W51,202551,2025-01-26,2026-01-31,12,January,2025-12-28,2026-01-31,2026-01-11,2026-01-17,51,Wednesday,4,18
2026-01-15,2025 - 26,2025 - 26 - AW,2025 - 26 - H2,2025 - 26 - Q4,2025 - 26 - Jan,202512,2025 - 26 - W51,202551,2025-01-26,2026-01-31,12,January,2025-12-28,2026-01-31,2026-01-11,2026-01-17,51,Thursday,5,19
2026-01-16,2025 - 26,2025 - 26 - AW,2025 - 26 - H2,2025 - 26 - Q4,2025 - 26 - Jan,202512,2025 - 26 - W51,202551,2025-01-26,2026-01-31,12,January,2025-12-28,2026-01-31,2026-01-11,2026-01-17,51,Friday,6,20
2026-01-17,2025 - 26,2025 - 26 - AW,2025 - 26 - H2,2025 - 26 - Q4,2025 - 26 - Jan,202512,2025 - 26 - W51,202551,2025-01-26,2026-01-31,12,January,2025-12-28,2026-01-31,2026-01-11,2026-01-17,51,Saturday,7,21
2026-01-18,2025 - 26,2025 - 26 - AW,2025 - 26 - H2,2025 - 26 - Q4,2025 - 26 - Jan,202512,2025 - 26 - W52,202552,2025-01-26,2026-01-31,12,January,2025-12-28,2026-01-31,2026-01-18,2026-01-24,52,Sunday,1,22
2026-01-19,2025 - 26,2025 - 26 - AW,2025 - 26 - H2,2025 - 26 - Q4,2025 - 26 - Jan,202512,2025 - 26 - W52,202552,2025-01-26,2026-01-31,12,January,2025-12-28,2026-01-31,2026-01-18,2026-01-24,52,Monday,2,23
2026-01-20,2025 - 26,2025 - 26 - AW,2025 - 26 - H2,2025 - 26 - Q4,2025 - 26 - Jan,202512,2025 - 26 - W52,202552,2025-01-26,2026-01-31,12,January,2025-12-28,2026-01-31,2026-01-18,2026-01-24,52,Tuesday,3,24
2026-01-21,2025 - 26,2025 - 26 - AW,2025 - 26 - H2,2025 - 26 - Q4,2025 - 26 - Jan,202512,2025 - 26 - W52,202552,2025-01-26,2026-01-31,12,January,2025-12-28,2026-01-31,2026-01-18,2026-01-24,52,Wednesday,4,25
2026-01-22,2025 - 26,2025 - 26 - AW,2025 - 26 - H2,2025 - 26 - Q4,2025 - 26 - Jan,202512,2025 - 26 - W52,202552,2025-01-26,2026-01-31,12,January,2025-12-28,2026-01-31,2026-01-18,2026-01-24,52,Thursday,5,26
2026-01-23,2025 - 26,2025 - 26 - AW,2025 - 26 - H2,2025 - 26 - Q4,2025 - 26 - Jan,202512,2025 - 26 - W52,202552,2025-01-26,2026-01-31,12,January,2025-12-28,2026-01-31,2026-01-18,2026-01-24,52,Friday,6,27
2026-01-24,2025 - 26,2025 - 26 - AW,2025 - 26 - H2,2025 - 26 - Q4,2025 - 26 - Jan,202512,2025 - 26 - W52,202552,2025-01-26,2026-01-31,12,January,2025-12-28,2026-01-31,2026-01-18,2026-01-24,52,Saturday,7,28
2026-01-25,2025 - 26,2025 - 26 - AW,2025 - 26 - H2,2025 - 26 - Q4,2025 - 26 - Jan,202512,2025 - 26 - W53,202553,2025-01-26,2026-01-31,12,January,2025-12-28,2026-01-31,2026-01-25,2026-01-31,53,Sunday,1,29
2026-01-26,2025 - 26,2025 - 26 - AW,2025 - 26 - H2,2025 - 26 - Q4,2025 - 26 - Jan,202512,2025 - 26 - W53,202553,2025-01-26,2026-01-31,12,January,2025-12-28,2026-01-31,2026-01-25,2026-01-31,53,Monday,2,30
2026-01-27,2025 - 26,2025 - 26 - AW,2025 - 26 - H2,2025 - 26 - Q4,2025 - 26 - Jan,202512,2025 - 26 - W53,202553,2025-01-26,2026-01-31,12,January,2025-12-28,2026-01-31,2026-01-25,2026-01-31,53,Tuesday,3,31
2026-01-28,2025 - 26,2025 - 26 - AW,2025 - 26 - H2,2025 - 26 - Q4,2025 - 26 - Jan,202512,2025 - 26 - W53,202553,2025-01-26,2026-01-31,12,January,2025-12-28,2026-01-31,2026-01-25,2026-01-31,53,Wednesday,4,32
2026-01-29,2025 - 26,2025 - 26 - AW,2025 - 26 - H2,2025 - 26 - Q4,2025 - 26 - Jan,202512,2025 - 26 - W53,202553,2025-01-26,2026-01-31,12,January,2025-12-28,2026-01-31,2026-01-25,2026-01-31,53,Thursday,5,33
2026-01-30,2025 - 26,2025 - 26 - AW,2025 - 26 - H2,2025 - 26 - Q4,2025 - 26 - Jan,202512,2025 - 26 - W53,202553,2025-01-26,2026-01-31,12,January,2025-12-28,2026-01-31,2026-01-25,2026-01-31,53,Friday,6,34
2026-01-31,2025 - 26,2025 - 26 - AW,2025 - 26 - H2,2025 - 26 - Q4,2025 - 26 - Jan,202512,2025 - 26 - W53,202553,2025-01-26,2026-01-31,12,January,2025-12-28,2026-01-31,2026-01-25,2026-01-31,53,Saturday,7,35
